 ===========================>     TALLY 211     <===========================

 Material 1
   Incoming Energy [1e-05, 0.0635)
     Total Material
       Flux                                 0.187074 +/- 0.000160586
       Total Reaction Rate                  0.220476 +/- 0.000189202
       Fission Rate                         0.111198 +/- 9.65989e-05
       Nu-Fission Rate                      0.270957 +/- 0.000235382
   Incoming Energy [0.0635, 10)
     Total Material
       Flux                                 1.50858 +/- 0.000662097
       Total Reaction Rate                  0.950124 +/- 0.000419369
       Fission Rate                         0.218416 +/- 0.000119435
       Nu-Fission Rate                      0.532215 +/- 0.000291028
   Incoming Energy [10, 100)
     Total Material
       Flux                                 0.669407 +/- 0.000355523
       Total Reaction Rate                  0.422655 +/- 0.000240919
       Fission Rate                         0.0303426 +/- 2.13511e-05
       Nu-Fission Rate                      0.0739088 +/- 5.20106e-05
   Incoming Energy [100, 1000)
     Total Material
       Flux                                 0.828388 +/- 0.000432163
       Total Reaction Rate                  0.510229 +/- 0.000283851
       Fission Rate                         0.0155002 +/- 9.3647e-06
       Nu-Fission Rate                      0.037725 +/- 2.27915e-05
   Incoming Energy [1000, 500000)
     Total Material
       Flux                                 3.86204 +/- 0.00120386
       Total Reaction Rate                  1.93729 +/- 0.000604294
       Fission Rate                         0.0113612 +/- 3.85551e-06
       Nu-Fission Rate                      0.0277219 +/- 9.39882e-06
   Incoming Energy [500000, 1000000)
     Total Material
       Flux                                 1.28417 +/- 0.000685561
       Total Reaction Rate                  0.440952 +/- 0.000234954
       Fission Rate                         0.00184837 +/- 9.89471e-07
       Nu-Fission Rate                      0.00463114 +/- 2.48068e-06
   Incoming Energy [1000000, 20000000)
     Total Material
       Flux                                 2.78497 +/- 0.00122745
       Total Reaction Rate                  0.771354 +/- 0.000336856
       Fission Rate                         0.031074 +/- 1.58242e-05
       Nu-Fission Rate                      0.0865024 +/- 4.60689e-05
 Material 2
   Incoming Energy [1e-05, 0.0635)
     Total Material
       Flux                                 0.0474249 +/- 8.64148e-05
       Total Reaction Rate                  1.8095e-05 +/- 3.38997e-08
       Fission Rate                         0 +/- 0
       Nu-Fission Rate                      0 +/- 0
   Incoming Energy [0.0635, 10)
     Total Material
       Flux                                 0.305078 +/- 0.000211941
       Total Reaction Rate                  8.98238e-05 +/- 6.27072e-08
       Fission Rate                         0 +/- 0
       Nu-Fission Rate                      0 +/- 0
   Incoming Energy [10, 100)
     Total Material
       Flux                                 0.135589 +/- 0.000128185
       Total Reaction Rate                  3.83477e-05 +/- 3.62517e-08
       Fission Rate                         0 +/- 0
       Nu-Fission Rate                      0 +/- 0
   Incoming Energy [100, 1000)
     Total Material
       Flux                                 0.161402 +/- 0.000142119
       Total Reaction Rate                  4.56193e-05 +/- 4.01692e-08
       Fission Rate                         0 +/- 0
       Nu-Fission Rate                      0 +/- 0
   Incoming Energy [1000, 500000)
     Total Material
       Flux                                 0.705458 +/- 0.000317561
       Total Reaction Rate                  0.000217605 +/- 1.00403e-07
       Fission Rate                         0 +/- 0
       Nu-Fission Rate                      0 +/- 0
   Incoming Energy [500000, 1000000)
     Total Material
       Flux                                 0.220633 +/- 0.000171542
       Total Reaction Rate                  0.000286923 +/- 2.43535e-07
       Fission Rate                         0 +/- 0
       Nu-Fission Rate                      0 +/- 0
   Incoming Energy [1000000, 20000000)
     Total Material
       Flux                                 0.480177 +/- 0.00029964
       Total Reaction Rate                  0.000757583 +/- 4.94497e-07
       Fission Rate                         0 +/- 0
       Nu-Fission Rate                      0 +/- 0
 Material 3
   Incoming Energy [1e-05, 0.0635)
     Total Material
       Flux                                 0.0729006 +/- 6.41576e-05
       Total Reaction Rate                  0.0222765 +/- 1.95902e-05
       Fission Rate                         0 +/- 0
       Nu-Fission Rate                      0 +/- 0
   Incoming Energy [0.0635, 10)
     Total Material
       Flux                                 0.524436 +/- 0.00021726
       Total Reaction Rate                  0.155707 +/- 6.45776e-05
       Fission Rate                         0 +/- 0
       Nu-Fission Rate                      0 +/- 0
   Incoming Energy [10, 100)
     Total Material
       Flux                                 0.235145 +/- 0.000124774
       Total Reaction Rate                  0.0686773 +/- 3.6467e-05
       Fission Rate                         0 +/- 0
       Nu-Fission Rate                      0 +/- 0
   Incoming Energy [100, 1000)
     Total Material
       Flux                                 0.285062 +/- 0.000143888
       Total Reaction Rate                  0.0887006 +/- 5.04626e-05
       Fission Rate                         0 +/- 0
       Nu-Fission Rate                      0 +/- 0
   Incoming Energy [1000, 500000)
     Total Material
       Flux                                 1.27595 +/- 0.000382032
       Total Reaction Rate                  0.502206 +/- 0.000165471
       Fission Rate                         0 +/- 0
       Nu-Fission Rate                      0 +/- 0
   Incoming Energy [500000, 1000000)
     Total Material
       Flux                                 0.40925 +/- 0.000223035
       Total Reaction Rate                  0.132582 +/- 7.2213e-05
       Fission Rate                         0 +/- 0
       Nu-Fission Rate                      0 +/- 0
   Incoming Energy [1000000, 20000000)
     Total Material
       Flux                                 0.884089 +/- 0.000400713
       Total Reaction Rate                  0.180987 +/- 7.98422e-05
       Fission Rate                         0 +/- 0
       Nu-Fission Rate                      0 +/- 0
 Material 4
   Incoming Energy [1e-05, 0.0635)
     Total Material
       Flux                                 1.50324 +/- 0.00201991
       Total Reaction Rate                  3.65631 +/- 0.00493636
       Fission Rate                         0 +/- 0
       Nu-Fission Rate                      0 +/- 0
   Incoming Energy [0.0635, 10)
     Total Material
       Flux                                 5.63853 +/- 0.00420759
       Total Reaction Rate                  7.68568 +/- 0.00639782
       Fission Rate                         0 +/- 0
       Nu-Fission Rate                      0 +/- 0
   Incoming Energy [10, 100)
     Total Material
       Flux                                 1.67696 +/- 0.000620035
       Total Reaction Rate                  1.72474 +/- 0.000637678
       Fission Rate                         0 +/- 0
       Nu-Fission Rate                      0 +/- 0
   Incoming Energy [100, 1000)
     Total Material
       Flux                                 1.96188 +/- 0.000659663
       Total Reaction Rate                  2.01118 +/- 0.000676229
       Fission Rate                         0 +/- 0
       Nu-Fission Rate                      0 +/- 0
   Incoming Energy [1000, 500000)
     Total Material
       Flux                                 8.41701 +/- 0.00167895
       Total Reaction Rate                  6.2864 +/- 0.00120601
       Fission Rate                         0 +/- 0
       Nu-Fission Rate                      0 +/- 0
   Incoming Energy [500000, 1000000)
     Total Material
       Flux                                 2.60504 +/- 0.00127091
       Total Reaction Rate                  0.812479 +/- 0.000395022
       Fission Rate                         0 +/- 0
       Nu-Fission Rate                      0 +/- 0
   Incoming Energy [1000000, 20000000)
     Total Material
       Flux                                 5.70696 +/- 0.00242412
       Total Reaction Rate                  1.00506 +/- 0.00040673
       Fission Rate                         0 +/- 0
       Nu-Fission Rate                      0 +/- 0
 Material 9
   Incoming Energy [1e-05, 0.0635)
     Total Material
       Flux                                 0.00229281 +/- 1.29376e-05
       Total Reaction Rate                  0.00350709 +/- 2.00574e-05
       Fission Rate                         0 +/- 0
       Nu-Fission Rate                      0 +/- 0
   Incoming Energy [0.0635, 10)
     Total Material
       Flux                                 0.0190267 +/- 5.09384e-05
       Total Reaction Rate                  0.0117801 +/- 3.22486e-05
       Fission Rate                         0 +/- 0
       Nu-Fission Rate                      0 +/- 0
   Incoming Energy [10, 100)
     Total Material
       Flux                                 0.00862621 +/- 3.16765e-05
       Total Reaction Rate                  0.0023037 +/- 8.47808e-06
       Fission Rate                         0 +/- 0
       Nu-Fission Rate                      0 +/- 0
   Incoming Energy [100, 1000)
     Total Material
       Flux                                 0.0103081 +/- 3.65906e-05
       Total Reaction Rate                  0.0024366 +/- 8.6645e-06
       Fission Rate                         0 +/- 0
       Nu-Fission Rate                      0 +/- 0
   Incoming Energy [1000, 500000)
     Total Material
       Flux                                 0.0459503 +/- 0.000106688
       Total Reaction Rate                  0.0118325 +/- 2.81561e-05
       Fission Rate                         0 +/- 0
       Nu-Fission Rate                      0 +/- 0
   Incoming Energy [500000, 1000000)
     Total Material
       Flux                                 0.0147288 +/- 4.69498e-05
       Total Reaction Rate                  0.00344483 +/- 1.11369e-05
       Fission Rate                         0 +/- 0
       Nu-Fission Rate                      0 +/- 0
   Incoming Energy [1000000, 20000000)
     Total Material
       Flux                                 0.0318486 +/- 8.09717e-05
       Total Reaction Rate                  0.00505818 +/- 1.32786e-05
       Fission Rate                         0 +/- 0
       Nu-Fission Rate                      0 +/- 0
 Material 10
   Incoming Energy [1e-05, 0.0635)
     Total Material
       Flux                                 0.00222866 +/- 1.07204e-05
       Total Reaction Rate                  0.00616947 +/- 2.96355e-05
       Fission Rate                         0 +/- 0
       Nu-Fission Rate                      0 +/- 0
   Incoming Energy [0.0635, 10)
     Total Material
       Flux                                 0.0259842 +/- 5.48935e-05
       Total Reaction Rate                  0.0247594 +/- 5.47555e-05
       Fission Rate                         0 +/- 0
       Nu-Fission Rate                      0 +/- 0
   Incoming Energy [10, 100)
     Total Material
       Flux                                 0.0142164 +/- 4.45143e-05
       Total Reaction Rate                  0.00453566 +/- 1.41444e-05
       Fission Rate                         0 +/- 0
       Nu-Fission Rate                      0 +/- 0
   Incoming Energy [100, 1000)
     Total Material
       Flux                                 0.0171633 +/- 4.88376e-05
       Total Reaction Rate                  0.00444559 +/- 1.26769e-05
       Fission Rate                         0 +/- 0
       Nu-Fission Rate                      0 +/- 0
   Incoming Energy [1000, 500000)
     Total Material
       Flux                                 0.0770624 +/- 0.000125044
       Total Reaction Rate                  0.0205639 +/- 3.39644e-05
       Fission Rate                         0 +/- 0
       Nu-Fission Rate                      0 +/- 0
   Incoming Energy [500000, 1000000)
     Total Material
       Flux                                 0.0244567 +/- 6.42266e-05
       Total Reaction Rate                  0.00577625 +/- 1.5373e-05
       Fission Rate                         0 +/- 0
       Nu-Fission Rate                      0 +/- 0
   Incoming Energy [1000000, 20000000)
     Total Material
       Flux                                 0.0528423 +/- 0.000100062
       Total Reaction Rate                  0.0085119 +/- 1.6713e-05
       Fission Rate                         0 +/- 0
       Nu-Fission Rate                      0 +/- 0
 Material 11
   Incoming Energy [1e-05, 0.0635)
     Total Material
       Flux                                 0.00133253 +/- 6.4305e-06
       Total Reaction Rate                  0.00862036 +/- 4.04582e-05
       Fission Rate                         0 +/- 0
       Nu-Fission Rate                      0 +/- 0
   Incoming Energy [0.0635, 10)
     Total Material
       Flux                                 0.0285305 +/- 4.84672e-05
       Total Reaction Rate                  0.0499934 +/- 8.35839e-05
       Fission Rate                         0 +/- 0
       Nu-Fission Rate                      0 +/- 0
   Incoming Energy [10, 100)
     Total Material
       Flux                                 0.0225306 +/- 5.18694e-05
       Total Reaction Rate                  0.0106674 +/- 2.47243e-05
       Fission Rate                         0 +/- 0
       Nu-Fission Rate                      0 +/- 0
   Incoming Energy [100, 1000)
     Total Material
       Flux                                 0.0287399 +/- 5.97598e-05
       Total Reaction Rate                  0.00938817 +/- 1.95664e-05
       Fission Rate                         0 +/- 0
       Nu-Fission Rate                      0 +/- 0
   Incoming Energy [1000, 500000)
     Total Material
       Flux                                 0.127995 +/- 0.000166734
       Total Reaction Rate                  0.037673 +/- 5.05478e-05
       Fission Rate                         0 +/- 0
       Nu-Fission Rate                      0 +/- 0
   Incoming Energy [500000, 1000000)
     Total Material
       Flux                                 0.039574 +/- 7.31987e-05
       Total Reaction Rate                  0.00968706 +/- 1.82349e-05
       Fission Rate                         0 +/- 0
       Nu-Fission Rate                      0 +/- 0
   Incoming Energy [1000000, 20000000)
     Total Material
       Flux                                 0.0842365 +/- 0.000122106
       Total Reaction Rate                  0.0141875 +/- 2.18052e-05
       Fission Rate                         0 +/- 0
       Nu-Fission Rate                      0 +/- 0
 Material 12
   Incoming Energy [1e-05, 0.0635)
     Total Material
       Flux                                 0.000689967 +/- 3.90655e-06
       Total Reaction Rate                  0.00616825 +/- 3.368e-05
       Fission Rate                         0 +/- 0
       Nu-Fission Rate                      0 +/- 0
   Incoming Energy [0.0635, 10)
     Total Material
       Flux                                 0.0178286 +/- 3.96596e-05
       Total Reaction Rate                  0.0399264 +/- 9.27148e-05
       Fission Rate                         0 +/- 0
       Nu-Fission Rate                      0 +/- 0
   Incoming Energy [10, 100)
     Total Material
       Flux                                 0.0162626 +/- 4.60906e-05
       Total Reaction Rate                  0.00935445 +/- 2.65294e-05
       Fission Rate                         0 +/- 0
       Nu-Fission Rate                      0 +/- 0
   Incoming Energy [100, 1000)
     Total Material
       Flux                                 0.0213351 +/- 5.22091e-05
       Total Reaction Rate                  0.00792036 +/- 1.93474e-05
       Fission Rate                         0 +/- 0
       Nu-Fission Rate                      0 +/- 0
   Incoming Energy [1000, 500000)
     Total Material
       Flux                                 0.0956926 +/- 0.000162331
       Total Reaction Rate                  0.0299381 +/- 5.07779e-05
       Fission Rate                         0 +/- 0
       Nu-Fission Rate                      0 +/- 0
   Incoming Energy [500000, 1000000)
     Total Material
       Flux                                 0.0295325 +/- 7.16551e-05
       Total Reaction Rate                  0.0073881 +/- 1.79824e-05
       Fission Rate                         0 +/- 0
       Nu-Fission Rate                      0 +/- 0
   Incoming Energy [1000000, 20000000)
     Total Material
       Flux                                 0.0629026 +/- 0.000124604
       Total Reaction Rate                  0.0109077 +/- 2.22692e-05
       Fission Rate                         0 +/- 0
       Nu-Fission Rate                      0 +/- 0
 Material 13
   Incoming Energy [1e-05, 0.0635)
     Total Material
       Flux                                 0.000195838 +/- 1.96655e-06
       Total Reaction Rate                  0.0019959 +/- 1.99938e-05
       Fission Rate                         0 +/- 0
       Nu-Fission Rate                      0 +/- 0
   Incoming Energy [0.0635, 10)
     Total Material
       Flux                                 0.00528735 +/- 2.30834e-05
       Total Reaction Rate                  0.0130725 +/- 5.63981e-05
       Fission Rate                         0 +/- 0
       Nu-Fission Rate                      0 +/- 0
   Incoming Energy [10, 100)
     Total Material
       Flux                                 0.00509425 +/- 2.58781e-05
       Total Reaction Rate                  0.00318468 +/- 1.6405e-05
       Fission Rate                         0 +/- 0
       Nu-Fission Rate                      0 +/- 0
   Incoming Energy [100, 1000)
     Total Material
       Flux                                 0.00677875 +/- 3.14952e-05
       Total Reaction Rate                  0.00266767 +/- 1.25191e-05
       Fission Rate                         0 +/- 0
       Nu-Fission Rate                      0 +/- 0
   Incoming Energy [1000, 500000)
     Total Material
       Flux                                 0.0306842 +/- 0.000103089
       Total Reaction Rate                  0.00987855 +/- 3.37329e-05
       Fission Rate                         0 +/- 0
       Nu-Fission Rate                      0 +/- 0
   Incoming Energy [500000, 1000000)
     Total Material
       Flux                                 0.00949963 +/- 4.15395e-05
       Total Reaction Rate                  0.00240406 +/- 1.0547e-05
       Fission Rate                         0 +/- 0
       Nu-Fission Rate                      0 +/- 0
   Incoming Energy [1000000, 20000000)
     Total Material
       Flux                                 0.0201467 +/- 7.75308e-05
       Total Reaction Rate                  0.00354053 +/- 1.39677e-05
       Fission Rate                         0 +/- 0
       Nu-Fission Rate                      0 +/- 0
 Material 14
   Incoming Energy [1e-05, 0.0635)
     Total Material
       Flux                                 0.0464914 +/- 0.000190746
       Total Reaction Rate                  0.0533498 +/- 0.000218836
       Fission Rate                         0 +/- 0
       Nu-Fission Rate                      0 +/- 0
   Incoming Energy [0.0635, 10)
     Total Material
       Flux                                 0.229988 +/- 0.000679542
       Total Reaction Rate                  0.23378 +/- 0.000685383
       Fission Rate                         0 +/- 0
       Nu-Fission Rate                      0 +/- 0
   Incoming Energy [10, 100)
     Total Material
       Flux                                 0.0747875 +/- 0.000412529
       Total Reaction Rate                  0.0699145 +/- 0.000385668
       Fission Rate                         0 +/- 0
       Nu-Fission Rate                      0 +/- 0
   Incoming Energy [100, 1000)
     Total Material
       Flux                                 0.077389 +/- 0.000451678
       Total Reaction Rate                  0.0717263 +/- 0.000419793
       Fission Rate                         0 +/- 0
       Nu-Fission Rate                      0 +/- 0
   Incoming Energy [1000, 500000)
     Total Material
       Flux                                 0.394769 +/- 0.00125202
       Total Reaction Rate                  0.150645 +/- 0.000522469
       Fission Rate                         0 +/- 0
       Nu-Fission Rate                      0 +/- 0
   Incoming Energy [500000, 1000000)
     Total Material
       Flux                                 0.119398 +/- 0.000487375
       Total Reaction Rate                  0.0243828 +/- 0.000100237
       Fission Rate                         0 +/- 0
       Nu-Fission Rate                      0 +/- 0
   Incoming Energy [1000000, 20000000)
     Total Material
       Flux                                 0.160788 +/- 0.000556171
       Total Reaction Rate                  0.0408594 +/- 0.000140323
       Fission Rate                         0 +/- 0
       Nu-Fission Rate                      0 +/- 0
 Material 15
   Incoming Energy [1e-05, 0.0635)
     Total Material
       Flux                                 0.00165389 +/- 3.22796e-05
       Total Reaction Rate                  0.00180443 +/- 3.53824e-05
       Fission Rate                         0 +/- 0
       Nu-Fission Rate                      0 +/- 0
   Incoming Energy [0.0635, 10)
     Total Material
       Flux                                 0.0624953 +/- 0.000514055
       Total Reaction Rate                  0.0572943 +/- 0.000467758
       Fission Rate                         0 +/- 0
       Nu-Fission Rate                      0 +/- 0
   Incoming Energy [10, 100)
     Total Material
       Flux                                 0.0787526 +/- 0.000632541
       Total Reaction Rate                  0.0698187 +/- 0.000560704
       Fission Rate                         0 +/- 0
       Nu-Fission Rate                      0 +/- 0
   Incoming Energy [100, 1000)
     Total Material
       Flux                                 0.105946 +/- 0.000781242
       Total Reaction Rate                  0.0975551 +/- 0.000721829
       Fission Rate                         0 +/- 0
       Nu-Fission Rate                      0 +/- 0
   Incoming Energy [1000, 500000)
     Total Material
       Flux                                 0.932348 +/- 0.00347424
       Total Reaction Rate                  0.411696 +/- 0.00169598
       Fission Rate                         0 +/- 0
       Nu-Fission Rate                      0 +/- 0
   Incoming Energy [500000, 1000000)
     Total Material
       Flux                                 0.241987 +/- 0.0011481
       Total Reaction Rate                  0.0554936 +/- 0.000265248
       Fission Rate                         0 +/- 0
       Nu-Fission Rate                      0 +/- 0
   Incoming Energy [1000000, 20000000)
     Total Material
       Flux                                 0.15253 +/- 0.00070743
       Total Reaction Rate                  0.0389566 +/- 0.00017975
       Fission Rate                         0 +/- 0
       Nu-Fission Rate                      0 +/- 0
 ===========================>     TALLY 202     <===========================

 Material 1
   Incoming Energy [1e-05, 0.0635)
     Total Material
       Flux                                 0.186917 +/- 0.000149747
   Incoming Energy [0.0635, 10)
     Total Material
       Flux                                 1.50831 +/- 0.000694417
   Incoming Energy [10, 100)
     Total Material
       Flux                                 0.669334 +/- 0.000459996
   Incoming Energy [100, 1000)
     Total Material
       Flux                                 0.827611 +/- 0.000548714
   Incoming Energy [1000, 500000)
     Total Material
       Flux                                 3.8619 +/- 0.00141571
   Incoming Energy [500000, 1000000)
     Total Material
       Flux                                 1.28405 +/- 0.000863065
   Incoming Energy [1000000, 20000000)
     Total Material
       Flux                                 2.78404 +/- 0.00136858
 Material 2
   Incoming Energy [1e-05, 0.0635)
     Total Material
       Flux                                 0.041733 +/- 0.00329012
   Incoming Energy [0.0635, 10)
     Total Material
       Flux                                 0.31581 +/- 0.0101248
   Incoming Energy [10, 100)
     Total Material
       Flux                                 0.13638 +/- 0.00636582
   Incoming Energy [100, 1000)
     Total Material
       Flux                                 0.171172 +/- 0.00732073
   Incoming Energy [1000, 500000)
     Total Material
       Flux                                 0.716327 +/- 0.0156126
   Incoming Energy [500000, 1000000)
     Total Material
       Flux                                 0.217071 +/- 0.00448534
   Incoming Energy [1000000, 20000000)
     Total Material
       Flux                                 0.482745 +/- 0.00629346
 Material 3
   Incoming Energy [1e-05, 0.0635)
     Total Material
       Flux                                 0.0731115 +/- 0.000161086
   Incoming Energy [0.0635, 10)
     Total Material
       Flux                                 0.524826 +/- 0.000475384
   Incoming Energy [10, 100)
     Total Material
       Flux                                 0.234952 +/- 0.000301765
   Incoming Energy [100, 1000)
     Total Material
       Flux                                 0.285105 +/- 0.000349715
   Incoming Energy [1000, 500000)
     Total Material
       Flux                                 1.27485 +/- 0.000733199
   Incoming Energy [500000, 1000000)
     Total Material
       Flux                                 0.409565 +/- 0.000422397
   Incoming Energy [1000000, 20000000)
     Total Material
       Flux                                 0.883885 +/- 0.000763369
 Material 4
   Incoming Energy [1e-05, 0.0635)
     Total Material
       Flux                                 1.50375 +/- 0.002007
   Incoming Energy [0.0635, 10)
     Total Material
       Flux                                 5.63892 +/- 0.00421231
   Incoming Energy [10, 100)
     Total Material
       Flux                                 1.67651 +/- 0.000501132
   Incoming Energy [100, 1000)
     Total Material
       Flux                                 1.96118 +/- 0.000539653
   Incoming Energy [1000, 500000)
     Total Material
       Flux                                 8.41564 +/- 0.00134694
   Incoming Energy [500000, 1000000)
     Total Material
       Flux                                 2.60607 +/- 0.00105684
   Incoming Energy [1000000, 20000000)
     Total Material
       Flux                                 5.70623 +/- 0.00231887
 Material 9
   Incoming Energy [1e-05, 0.0635)
     Total Material
       Flux                                 0.00227899 +/- 1.29299e-05
   Incoming Energy [0.0635, 10)
     Total Material
       Flux                                 0.0189921 +/- 7.43895e-05
   Incoming Energy [10, 100)
     Total Material
       Flux                                 0.00864792 +/- 6.63036e-05
   Incoming Energy [100, 1000)
     Total Material
       Flux                                 0.0102305 +/- 7.21487e-05
   Incoming Energy [1000, 500000)
     Total Material
       Flux                                 0.0458522 +/- 0.000176846
   Incoming Energy [500000, 1000000)
     Total Material
       Flux                                 0.0149215 +/- 9.45909e-05
   Incoming Energy [1000000, 20000000)
     Total Material
       Flux                                 0.0317966 +/- 0.000165809
 Material 10
   Incoming Energy [1e-05, 0.0635)
     Total Material
       Flux                                 0.00223017 +/- 9.4718e-06
   Incoming Energy [0.0635, 10)
     Total Material
       Flux                                 0.0259846 +/- 6.62011e-05
   Incoming Energy [10, 100)
     Total Material
       Flux                                 0.0142405 +/- 8.06698e-05
   Incoming Energy [100, 1000)
     Total Material
       Flux                                 0.017153 +/- 8.96191e-05
   Incoming Energy [1000, 500000)
     Total Material
       Flux                                 0.0770241 +/- 0.000198188
   Incoming Energy [500000, 1000000)
     Total Material
       Flux                                 0.0244756 +/- 0.000124377
   Incoming Energy [1000000, 20000000)
     Total Material
       Flux                                 0.0525869 +/- 0.000211194
 Material 11
   Incoming Energy [1e-05, 0.0635)
     Total Material
       Flux                                 0.00132547 +/- 4.8251e-06
   Incoming Energy [0.0635, 10)
     Total Material
       Flux                                 0.0285556 +/- 5.38455e-05
   Incoming Energy [10, 100)
     Total Material
       Flux                                 0.0226612 +/- 7.57242e-05
   Incoming Energy [100, 1000)
     Total Material
       Flux                                 0.0288939 +/- 0.000107249
   Incoming Energy [1000, 500000)
     Total Material
       Flux                                 0.128129 +/- 0.000273495
   Incoming Energy [500000, 1000000)
     Total Material
       Flux                                 0.0396486 +/- 0.000135181
   Incoming Energy [1000000, 20000000)
     Total Material
       Flux                                 0.0841777 +/- 0.000273519
 Material 12
   Incoming Energy [1e-05, 0.0635)
     Total Material
       Flux                                 0.000690812 +/- 2.90671e-06
   Incoming Energy [0.0635, 10)
     Total Material
       Flux                                 0.017859 +/- 3.96058e-05
   Incoming Energy [10, 100)
     Total Material
       Flux                                 0.0162797 +/- 6.32715e-05
   Incoming Energy [100, 1000)
     Total Material
       Flux                                 0.0213093 +/- 8.84608e-05
   Incoming Energy [1000, 500000)
     Total Material
       Flux                                 0.0957358 +/- 0.000231237
   Incoming Energy [500000, 1000000)
     Total Material
       Flux                                 0.0296077 +/- 0.000129351
   Incoming Energy [1000000, 20000000)
     Total Material
       Flux                                 0.0626656 +/- 0.000228356
 Material 13
   Incoming Energy [1e-05, 0.0635)
     Total Material
       Flux                                 0.000195056 +/- 1.42349e-06
   Incoming Energy [0.0635, 10)
     Total Material
       Flux                                 0.00527804 +/- 2.23806e-05
   Incoming Energy [10, 100)
     Total Material
       Flux                                 0.00506963 +/- 3.44795e-05
   Incoming Energy [100, 1000)
     Total Material
       Flux                                 0.00671179 +/- 4.60051e-05
   Incoming Energy [1000, 500000)
     Total Material
       Flux                                 0.0306506 +/- 0.00013122
   Incoming Energy [500000, 1000000)
     Total Material
       Flux                                 0.00950991 +/- 6.89493e-05
   Incoming Energy [1000000, 20000000)
     Total Material
       Flux                                 0.0202328 +/- 0.000124753
 Material 14
   Incoming Energy [1e-05, 0.0635)
     Total Material
       Flux                                 0.0464868 +/- 0.000182531
   Incoming Energy [0.0635, 10)
     Total Material
       Flux                                 0.229921 +/- 0.000666103
   Incoming Energy [10, 100)
     Total Material
       Flux                                 0.0745977 +/- 0.000413591
   Incoming Energy [100, 1000)
     Total Material
       Flux                                 0.0772958 +/- 0.000452514
   Incoming Energy [1000, 500000)
     Total Material
       Flux                                 0.394128 +/- 0.0012988
   Incoming Energy [500000, 1000000)
     Total Material
       Flux                                 0.119746 +/- 0.00055233
   Incoming Energy [1000000, 20000000)
     Total Material
       Flux                                 0.16071 +/- 0.000569417
 Material 15
   Incoming Energy [1e-05, 0.0635)
     Total Material
       Flux                                 0.00166225 +/- 3.03204e-05
   Incoming Energy [0.0635, 10)
     Total Material
       Flux                                 0.0624589 +/- 0.000512046
   Incoming Energy [10, 100)
     Total Material
       Flux                                 0.0787951 +/- 0.000631777
   Incoming Energy [100, 1000)
     Total Material
       Flux                                 0.105898 +/- 0.000766181
   Incoming Energy [1000, 500000)
     Total Material
       Flux                                 0.932562 +/- 0.00351235
   Incoming Energy [500000, 1000000)
     Total Material
       Flux                                 0.241862 +/- 0.00113438
   Incoming Energy [1000000, 20000000)
     Total Material
       Flux                                 0.152629 +/- 0.000677423
 ===========================>     TALLY 203     <===========================

 Material 1
   Incoming Energy [1e-05, 0.0635)
     Outgoing Energy [1e-05, 0.0635)
       Legendre expansion, P0
         Total Material
           Scattering Rate                      0.0663314 +/- 9.77741e-05
     Outgoing Energy [0.0635, 10)
       Legendre expansion, P0
         Total Material
           Scattering Rate                      0.014305 +/- 3.7974e-05
     Outgoing Energy [10, 100)
       Legendre expansion, P0
         Total Material
           Scattering Rate                      0 +/- 0
     Outgoing Energy [100, 1000)
       Legendre expansion, P0
         Total Material
           Scattering Rate                      0 +/- 0
     Outgoing Energy [1000, 500000)
       Legendre expansion, P0
         Total Material
           Scattering Rate                      0 +/- 0
     Outgoing Energy [500000, 1000000)
       Legendre expansion, P0
         Total Material
           Scattering Rate                      0 +/- 0
     Outgoing Energy [1000000, 20000000)
       Legendre expansion, P0
         Total Material
           Scattering Rate                      0 +/- 0
   Incoming Energy [0.0635, 10)
     Outgoing Energy [1e-05, 0.0635)
       Legendre expansion, P0
         Total Material
           Scattering Rate                      0.0138522 +/- 3.81398e-05
     Outgoing Energy [0.0635, 10)
       Legendre expansion, P0
         Total Material
           Scattering Rate                      0.607943 +/- 0.00034734
     Outgoing Energy [10, 100)
       Legendre expansion, P0
         Total Material
           Scattering Rate                      0.000110095 +/- 3.43334e-06
     Outgoing Energy [100, 1000)
       Legendre expansion, P0
         Total Material
           Scattering Rate                      0 +/- 0
     Outgoing Energy [1000, 500000)
       Legendre expansion, P0
         Total Material
           Scattering Rate                      0 +/- 0
     Outgoing Energy [500000, 1000000)
       Legendre expansion, P0
         Total Material
           Scattering Rate                      0 +/- 0
     Outgoing Energy [1000000, 20000000)
       Legendre expansion, P0
         Total Material
           Scattering Rate                      0 +/- 0
   Incoming Energy [10, 100)
     Outgoing Energy [1e-05, 0.0635)
       Legendre expansion, P0
         Total Material
           Scattering Rate                      0 +/- 0
     Outgoing Energy [0.0635, 10)
       Legendre expansion, P0
         Total Material
           Scattering Rate                      0.00684686 +/- 2.6774e-05
     Outgoing Energy [10, 100)
       Legendre expansion, P0
         Total Material
           Scattering Rate                      0.313244 +/- 0.000246427
     Outgoing Energy [100, 1000)
       Legendre expansion, P0
         Total Material
           Scattering Rate                      0 +/- 0
     Outgoing Energy [1000, 500000)
       Legendre expansion, P0
         Total Material
           Scattering Rate                      0 +/- 0
     Outgoing Energy [500000, 1000000)
       Legendre expansion, P0
         Total Material
           Scattering Rate                      0 +/- 0
     Outgoing Energy [1000000, 20000000)
       Legendre expansion, P0
         Total Material
           Scattering Rate                      0 +/- 0
   Incoming Energy [100, 1000)
     Outgoing Energy [1e-05, 0.0635)
       Legendre expansion, P0
         Total Material
           Scattering Rate                      0 +/- 0
     Outgoing Energy [0.0635, 10)
       Legendre expansion, P0
         Total Material
           Scattering Rate                      0 +/- 0
     Outgoing Energy [10, 100)
       Legendre expansion, P0
         Total Material
           Scattering Rate                      0.00707305 +/- 2.43222e-05
     Outgoing Energy [100, 1000)
       Legendre expansion, P0
         Total Material
           Scattering Rate                      0.441478 +/- 0.000307743
     Outgoing Energy [1000, 500000)
       Legendre expansion, P0
         Total Material
           Scattering Rate                      0 +/- 0
     Outgoing Energy [500000, 1000000)
       Legendre expansion, P0
         Total Material
           Scattering Rate                      0 +/- 0
     Outgoing Energy [1000000, 20000000)
       Legendre expansion, P0
         Total Material
           Scattering Rate                      0 +/- 0
   Incoming Energy [1000, 500000)
     Outgoing Energy [1e-05, 0.0635)
       Legendre expansion, P0
         Total Material
           Scattering Rate                      0 +/- 0
     Outgoing Energy [0.0635, 10)
       Legendre expansion, P0
         Total Material
           Scattering Rate                      0 +/- 0
     Outgoing Energy [10, 100)
       Legendre expansion, P0
         Total Material
           Scattering Rate                      0 +/- 0
     Outgoing Energy [100, 1000)
       Legendre expansion, P0
         Total Material
           Scattering Rate                      0.0100199 +/- 3.30593e-05
     Outgoing Energy [1000, 500000)
       Legendre expansion, P0
         Total Material
           Scattering Rate                      1.8757 +/- 0.000688302
     Outgoing Energy [500000, 1000000)
       Legendre expansion, P0
         Total Material
           Scattering Rate                      0 +/- 0
     Outgoing Energy [1000000, 20000000)
       Legendre expansion, P0
         Total Material
           Scattering Rate                      0 +/- 0
   Incoming Energy [500000, 1000000)
     Outgoing Energy [1e-05, 0.0635)
       Legendre expansion, P0
         Total Material
           Scattering Rate                      0 +/- 0
     Outgoing Energy [0.0635, 10)
       Legendre expansion, P0
         Total Material
           Scattering Rate                      0 +/- 0
     Outgoing Energy [10, 100)
       Legendre expansion, P0
         Total Material
           Scattering Rate                      0 +/- 0
     Outgoing Energy [100, 1000)
       Legendre expansion, P0
         Total Material
           Scattering Rate                      4.7619e-07 +/- 2.11735e-07
     Outgoing Energy [1000, 500000)
       Legendre expansion, P0
         Total Material
           Scattering Rate                      0.0417923 +/- 6.3153e-05
     Outgoing Energy [500000, 1000000)
       Legendre expansion, P0
         Total Material
           Scattering Rate                      0.393598 +/- 0.0002837
     Outgoing Energy [1000000, 20000000)
       Legendre expansion, P0
         Total Material
           Scattering Rate                      0 +/- 0
   Incoming Energy [1000000, 20000000)
     Outgoing Energy [1e-05, 0.0635)
       Legendre expansion, P0
         Total Material
           Scattering Rate                      0 +/- 0
     Outgoing Energy [0.0635, 10)
       Legendre expansion, P0
         Total Material
           Scattering Rate                      0 +/- 0
     Outgoing Energy [10, 100)
       Legendre expansion, P0
         Total Material
           Scattering Rate                      1.90476e-07 +/- 1.34494e-07
     Outgoing Energy [100, 1000)
       Legendre expansion, P0
         Total Material
           Scattering Rate                      3.61905e-06 +/- 5.86954e-07
     Outgoing Energy [1000, 500000)
       Legendre expansion, P0
         Total Material
           Scattering Rate                      0.0696477 +/- 8.08098e-05
     Outgoing Energy [500000, 1000000)
       Legendre expansion, P0
         Total Material
           Scattering Rate                      0.0932815 +/- 9.06869e-05
     Outgoing Energy [1000000, 20000000)
       Legendre expansion, P0
         Total Material
           Scattering Rate                      0.572655 +/- 0.000343314
 Material 2
   Incoming Energy [1e-05, 0.0635)
     Outgoing Energy [1e-05, 0.0635)
       Legendre expansion, P0
         Total Material
           Scattering Rate                      9.33333e-06 +/- 9.65875e-07
     Outgoing Energy [0.0635, 10)
       Legendre expansion, P0
         Total Material
           Scattering Rate                      6.66667e-06 +/- 7.9796e-07
     Outgoing Energy [10, 100)
       Legendre expansion, P0
         Total Material
           Scattering Rate                      0 +/- 0
     Outgoing Energy [100, 1000)
       Legendre expansion, P0
         Total Material
           Scattering Rate                      0 +/- 0
     Outgoing Energy [1000, 500000)
       Legendre expansion, P0
         Total Material
           Scattering Rate                      0 +/- 0
     Outgoing Energy [500000, 1000000)
       Legendre expansion, P0
         Total Material
           Scattering Rate                      0 +/- 0
     Outgoing Energy [1000000, 20000000)
       Legendre expansion, P0
         Total Material
           Scattering Rate                      0 +/- 0
   Incoming Energy [0.0635, 10)
     Outgoing Energy [1e-05, 0.0635)
       Legendre expansion, P0
         Total Material
           Scattering Rate                      6.09524e-06 +/- 7.28208e-07
     Outgoing Energy [0.0635, 10)
       Legendre expansion, P0
         Total Material
           Scattering Rate                      8.65714e-05 +/- 2.85837e-06
     Outgoing Energy [10, 100)
       Legendre expansion, P0
         Total Material
           Scattering Rate                      0 +/- 0
     Outgoing Energy [100, 1000)
       Legendre expansion, P0
         Total Material
           Scattering Rate                      0 +/- 0
     Outgoing Energy [1000, 500000)
       Legendre expansion, P0
         Total Material
           Scattering Rate                      0 +/- 0
     Outgoing Energy [500000, 1000000)
       Legendre expansion, P0
         Total Material
           Scattering Rate                      0 +/- 0
     Outgoing Energy [1000000, 20000000)
       Legendre expansion, P0
         Total Material
           Scattering Rate                      0 +/- 0
   Incoming Energy [10, 100)
     Outgoing Energy [1e-05, 0.0635)
       Legendre expansion, P0
         Total Material
           Scattering Rate                      0 +/- 0
     Outgoing Energy [0.0635, 10)
       Legendre expansion, P0
         Total Material
           Scattering Rate                      6.19048e-06 +/- 7.91829e-07
     Outgoing Energy [10, 100)
       Legendre expansion, P0
         Total Material
           Scattering Rate                      3.22857e-05 +/- 1.6647e-06
     Outgoing Energy [100, 1000)
       Legendre expansion, P0
         Total Material
           Scattering Rate                      0 +/- 0
     Outgoing Energy [1000, 500000)
       Legendre expansion, P0
         Total Material
           Scattering Rate                      0 +/- 0
     Outgoing Energy [500000, 1000000)
       Legendre expansion, P0
         Total Material
           Scattering Rate                      0 +/- 0
     Outgoing Energy [1000000, 20000000)
       Legendre expansion, P0
         Total Material
           Scattering Rate                      0 +/- 0
   Incoming Energy [100, 1000)
     Outgoing Energy [1e-05, 0.0635)
       Legendre expansion, P0
         Total Material
           Scattering Rate                      0 +/- 0
     Outgoing Energy [0.0635, 10)
       Legendre expansion, P0
         Total Material
           Scattering Rate                      0 +/- 0
     Outgoing Energy [10, 100)
       Legendre expansion, P0
         Total Material
           Scattering Rate                      9.52381e-06 +/- 9.01924e-07
     Outgoing Energy [100, 1000)
       Legendre expansion, P0
         Total Material
           Scattering Rate                      3.88571e-05 +/- 1.9368e-06
     Outgoing Energy [1000, 500000)
       Legendre expansion, P0
         Total Material
           Scattering Rate                      0 +/- 0
     Outgoing Energy [500000, 1000000)
       Legendre expansion, P0
         Total Material
           Scattering Rate                      0 +/- 0
     Outgoing Energy [1000000, 20000000)
       Legendre expansion, P0
         Total Material
           Scattering Rate                      0 +/- 0
   Incoming Energy [1000, 500000)
     Outgoing Energy [1e-05, 0.0635)
       Legendre expansion, P0
         Total Material
           Scattering Rate                      0 +/- 0
     Outgoing Energy [0.0635, 10)
       Legendre expansion, P0
         Total Material
           Scattering Rate                      0 +/- 0
     Outgoing Energy [10, 100)
       Legendre expansion, P0
         Total Material
           Scattering Rate                      0 +/- 0
     Outgoing Energy [100, 1000)
       Legendre expansion, P0
         Total Material
           Scattering Rate                      7.80952e-06 +/- 8.67795e-07
     Outgoing Energy [1000, 500000)
       Legendre expansion, P0
         Total Material
           Scattering Rate                      0.000212857 +/- 4.72169e-06
     Outgoing Energy [500000, 1000000)
       Legendre expansion, P0
         Total Material
           Scattering Rate                      0 +/- 0
     Outgoing Energy [1000000, 20000000)
       Legendre expansion, P0
         Total Material
           Scattering Rate                      0 +/- 0
   Incoming Energy [500000, 1000000)
     Outgoing Energy [1e-05, 0.0635)
       Legendre expansion, P0
         Total Material
           Scattering Rate                      0 +/- 0
     Outgoing Energy [0.0635, 10)
       Legendre expansion, P0
         Total Material
           Scattering Rate                      0 +/- 0
     Outgoing Energy [10, 100)
       Legendre expansion, P0
         Total Material
           Scattering Rate                      0 +/- 0
     Outgoing Energy [100, 1000)
       Legendre expansion, P0
         Total Material
           Scattering Rate                      0 +/- 0
     Outgoing Energy [1000, 500000)
       Legendre expansion, P0
         Total Material
           Scattering Rate                      0.000176857 +/- 4.02418e-06
     Outgoing Energy [500000, 1000000)
       Legendre expansion, P0
         Total Material
           Scattering Rate                      0.000103333 +/- 3.07499e-06
     Outgoing Energy [1000000, 20000000)
       Legendre expansion, P0
         Total Material
           Scattering Rate                      0 +/- 0
   Incoming Energy [1000000, 20000000)
     Outgoing Energy [1e-05, 0.0635)
       Legendre expansion, P0
         Total Material
           Scattering Rate                      0 +/- 0
     Outgoing Energy [0.0635, 10)
       Legendre expansion, P0
         Total Material
           Scattering Rate                      0 +/- 0
     Outgoing Energy [10, 100)
       Legendre expansion, P0
         Total Material
           Scattering Rate                      0 +/- 0
     Outgoing Energy [100, 1000)
       Legendre expansion, P0
         Total Material
           Scattering Rate                      0 +/- 0
     Outgoing Energy [1000, 500000)
       Legendre expansion, P0
         Total Material
           Scattering Rate                      3.94286e-05 +/- 1.86967e-06
     Outgoing Energy [500000, 1000000)
       Legendre expansion, P0
         Total Material
           Scattering Rate                      0.000205524 +/- 4.35851e-06
     Outgoing Energy [1000000, 20000000)
       Legendre expansion, P0
         Total Material
           Scattering Rate                      0.000519905 +/- 7.45765e-06
 Material 3
   Incoming Energy [1e-05, 0.0635)
     Outgoing Energy [1e-05, 0.0635)
       Legendre expansion, P0
         Total Material
           Scattering Rate                      0.0195969 +/- 4.71738e-05
     Outgoing Energy [0.0635, 10)
       Legendre expansion, P0
         Total Material
           Scattering Rate                      0.00214286 +/- 1.43871e-05
     Outgoing Energy [10, 100)
       Legendre expansion, P0
         Total Material
           Scattering Rate                      0 +/- 0
     Outgoing Energy [100, 1000)
       Legendre expansion, P0
         Total Material
           Scattering Rate                      0 +/- 0
     Outgoing Energy [1000, 500000)
       Legendre expansion, P0
         Total Material
           Scattering Rate                      0 +/- 0
     Outgoing Energy [500000, 1000000)
       Legendre expansion, P0
         Total Material
           Scattering Rate                      0 +/- 0
     Outgoing Energy [1000000, 20000000)
       Legendre expansion, P0
         Total Material
           Scattering Rate                      0 +/- 0
   Incoming Energy [0.0635, 10)
     Outgoing Energy [1e-05, 0.0635)
       Legendre expansion, P0
         Total Material
           Scattering Rate                      0.00226905 +/- 1.40965e-05
     Outgoing Energy [0.0635, 10)
       Legendre expansion, P0
         Total Material
           Scattering Rate                      0.152278 +/- 0.000137735
     Outgoing Energy [10, 100)
       Legendre expansion, P0
         Total Material
           Scattering Rate                      1.28571e-05 +/- 1.07451e-06
     Outgoing Energy [100, 1000)
       Legendre expansion, P0
         Total Material
           Scattering Rate                      0 +/- 0
     Outgoing Energy [1000, 500000)
       Legendre expansion, P0
         Total Material
           Scattering Rate                      0 +/- 0
     Outgoing Energy [500000, 1000000)
       Legendre expansion, P0
         Total Material
           Scattering Rate                      0 +/- 0
     Outgoing Energy [1000000, 20000000)
       Legendre expansion, P0
         Total Material
           Scattering Rate                      0 +/- 0
   Incoming Energy [10, 100)
     Outgoing Energy [1e-05, 0.0635)
       Legendre expansion, P0
         Total Material
           Scattering Rate                      0 +/- 0
     Outgoing Energy [0.0635, 10)
       Legendre expansion, P0
         Total Material
           Scattering Rate                      0.000630571 +/- 7.81407e-06
     Outgoing Energy [10, 100)
       Legendre expansion, P0
         Total Material
           Scattering Rate                      0.067846 +/- 8.74709e-05
     Outgoing Energy [100, 1000)
       Legendre expansion, P0
         Total Material
           Scattering Rate                      0 +/- 0
     Outgoing Energy [1000, 500000)
       Legendre expansion, P0
         Total Material
           Scattering Rate                      0 +/- 0
     Outgoing Energy [500000, 1000000)
       Legendre expansion, P0
         Total Material
           Scattering Rate                      0 +/- 0
     Outgoing Energy [1000000, 20000000)
       Legendre expansion, P0
         Total Material
           Scattering Rate                      0 +/- 0
   Incoming Energy [100, 1000)
     Outgoing Energy [1e-05, 0.0635)
       Legendre expansion, P0
         Total Material
           Scattering Rate                      0 +/- 0
     Outgoing Energy [0.0635, 10)
       Legendre expansion, P0
         Total Material
           Scattering Rate                      0 +/- 0
     Outgoing Energy [10, 100)
       Legendre expansion, P0
         Total Material
           Scattering Rate                      0.00078 +/- 8.5646e-06
     Outgoing Energy [100, 1000)
       Legendre expansion, P0
         Total Material
           Scattering Rate                      0.085523 +/- 0.000102658
     Outgoing Energy [1000, 500000)
       Legendre expansion, P0
         Total Material
           Scattering Rate                      0 +/- 0
     Outgoing Energy [500000, 1000000)
       Legendre expansion, P0
         Total Material
           Scattering Rate                      0 +/- 0
     Outgoing Energy [1000000, 20000000)
       Legendre expansion, P0
         Total Material
           Scattering Rate                      0 +/- 0
   Incoming Energy [1000, 500000)
     Outgoing Energy [1e-05, 0.0635)
       Legendre expansion, P0
         Total Material
           Scattering Rate                      0 +/- 0
     Outgoing Energy [0.0635, 10)
       Legendre expansion, P0
         Total Material
           Scattering Rate                      0 +/- 0
     Outgoing Energy [10, 100)
       Legendre expansion, P0
         Total Material
           Scattering Rate                      0 +/- 0
     Outgoing Energy [100, 1000)
       Legendre expansion, P0
         Total Material
           Scattering Rate                      0.000766476 +/- 9.19559e-06
     Outgoing Energy [1000, 500000)
       Legendre expansion, P0
         Total Material
           Scattering Rate                      0.498933 +/- 0.00027303
     Outgoing Energy [500000, 1000000)
       Legendre expansion, P0
         Total Material
           Scattering Rate                      0 +/- 0
     Outgoing Energy [1000000, 20000000)
       Legendre expansion, P0
         Total Material
           Scattering Rate                      0 +/- 0
   Incoming Energy [500000, 1000000)
     Outgoing Energy [1e-05, 0.0635)
       Legendre expansion, P0
         Total Material
           Scattering Rate                      0 +/- 0
     Outgoing Energy [0.0635, 10)
       Legendre expansion, P0
         Total Material
           Scattering Rate                      0 +/- 0
     Outgoing Energy [10, 100)
       Legendre expansion, P0
         Total Material
           Scattering Rate                      0 +/- 0
     Outgoing Energy [100, 1000)
       Legendre expansion, P0
         Total Material
           Scattering Rate                      9.52381e-08 +/- 9.52381e-08
     Outgoing Energy [1000, 500000)
       Legendre expansion, P0
         Total Material
           Scattering Rate                      0.00280867 +/- 1.60511e-05
     Outgoing Energy [500000, 1000000)
       Legendre expansion, P0
         Total Material
           Scattering Rate                      0.129629 +/- 0.000134494
     Outgoing Energy [1000000, 20000000)
       Legendre expansion, P0
         Total Material
           Scattering Rate                      0 +/- 0
   Incoming Energy [1000000, 20000000)
     Outgoing Energy [1e-05, 0.0635)
       Legendre expansion, P0
         Total Material
           Scattering Rate                      0 +/- 0
     Outgoing Energy [0.0635, 10)
       Legendre expansion, P0
         Total Material
           Scattering Rate                      0 +/- 0
     Outgoing Energy [10, 100)
       Legendre expansion, P0
         Total Material
           Scattering Rate                      0 +/- 0
     Outgoing Energy [100, 1000)
       Legendre expansion, P0
         Total Material
           Scattering Rate                      9.52381e-08 +/- 9.52381e-08
     Outgoing Energy [1000, 500000)
       Legendre expansion, P0
         Total Material
           Scattering Rate                      0.012163 +/- 3.27226e-05
     Outgoing Energy [500000, 1000000)
       Legendre expansion, P0
         Total Material
           Scattering Rate                      0.0132531 +/- 3.61876e-05
     Outgoing Energy [1000000, 20000000)
       Legendre expansion, P0
         Total Material
           Scattering Rate                      0.155161 +/- 0.000140094
 Material 4
   Incoming Energy [1e-05, 0.0635)
     Outgoing Energy [1e-05, 0.0635)
       Legendre expansion, P0
         Total Material
           Scattering Rate                      2.61204 +/- 0.00356331
     Outgoing Energy [0.0635, 10)
       Legendre expansion, P0
         Total Material
           Scattering Rate                      1.0245 +/- 0.00135448
     Outgoing Energy [10, 100)
       Legendre expansion, P0
         Total Material
           Scattering Rate                      0 +/- 0
     Outgoing Energy [100, 1000)
       Legendre expansion, P0
         Total Material
           Scattering Rate                      0 +/- 0
     Outgoing Energy [1000, 500000)
       Legendre expansion, P0
         Total Material
           Scattering Rate                      0 +/- 0
     Outgoing Energy [500000, 1000000)
       Legendre expansion, P0
         Total Material
           Scattering Rate                      0 +/- 0
     Outgoing Energy [1000000, 20000000)
       Legendre expansion, P0
         Total Material
           Scattering Rate                      0 +/- 0
   Incoming Energy [0.0635, 10)
     Outgoing Energy [1e-05, 0.0635)
       Legendre expansion, P0
         Total Material
           Scattering Rate                      1.21599 +/- 0.00139215
     Outgoing Energy [0.0635, 10)
       Legendre expansion, P0
         Total Material
           Scattering Rate                      6.44236 +/- 0.00506781
     Outgoing Energy [10, 100)
       Legendre expansion, P0
         Total Material
           Scattering Rate                      2.28571e-05 +/- 1.52429e-06
     Outgoing Energy [100, 1000)
       Legendre expansion, P0
         Total Material
           Scattering Rate                      0 +/- 0
     Outgoing Energy [1000, 500000)
       Legendre expansion, P0
         Total Material
           Scattering Rate                      0 +/- 0
     Outgoing Energy [500000, 1000000)
       Legendre expansion, P0
         Total Material
           Scattering Rate                      0 +/- 0
     Outgoing Energy [1000000, 20000000)
       Legendre expansion, P0
         Total Material
           Scattering Rate                      0 +/- 0
   Incoming Energy [10, 100)
     Outgoing Energy [1e-05, 0.0635)
       Legendre expansion, P0
         Total Material
           Scattering Rate                      0.00252743 +/- 1.53695e-05
     Outgoing Energy [0.0635, 10)
       Legendre expansion, P0
         Total Material
           Scattering Rate                      0.598876 +/- 0.000160612
     Outgoing Energy [10, 100)
       Legendre expansion, P0
         Total Material
           Scattering Rate                      1.12213 +/- 0.000426367
     Outgoing Energy [100, 1000)
       Legendre expansion, P0
         Total Material
           Scattering Rate                      1.90476e-07 +/- 1.34494e-07
     Outgoing Energy [1000, 500000)
       Legendre expansion, P0
         Total Material
           Scattering Rate                      0 +/- 0
     Outgoing Energy [500000, 1000000)
       Legendre expansion, P0
         Total Material
           Scattering Rate                      0 +/- 0
     Outgoing Energy [1000000, 20000000)
       Legendre expansion, P0
         Total Material
           Scattering Rate                      0 +/- 0
   Incoming Energy [100, 1000)
     Outgoing Energy [1e-05, 0.0635)
       Legendre expansion, P0
         Total Material
           Scattering Rate                      0.000292762 +/- 5.20424e-06
     Outgoing Energy [0.0635, 10)
       Legendre expansion, P0
         Total Material
           Scattering Rate                      0.0699117 +/- 7.67017e-05
     Outgoing Energy [10, 100)
       Legendre expansion, P0
         Total Material
           Scattering Rate                      0.64164 +/- 0.000149637
     Outgoing Energy [100, 1000)
       Legendre expansion, P0
         Total Material
           Scattering Rate                      1.29835 +/- 0.000477193
     Outgoing Energy [1000, 500000)
       Legendre expansion, P0
         Total Material
           Scattering Rate                      0 +/- 0
     Outgoing Energy [500000, 1000000)
       Legendre expansion, P0
         Total Material
           Scattering Rate                      0 +/- 0
     Outgoing Energy [1000000, 20000000)
       Legendre expansion, P0
         Total Material
           Scattering Rate                      0 +/- 0
   Incoming Energy [1000, 500000)
     Outgoing Energy [1e-05, 0.0635)
       Legendre expansion, P0
         Total Material
           Scattering Rate                      3.80952e-05 +/- 1.95193e-06
     Outgoing Energy [0.0635, 10)
       Legendre expansion, P0
         Total Material
           Scattering Rate                      0.00846 +/- 2.8459e-05
     Outgoing Energy [10, 100)
       Legendre expansion, P0
         Total Material
           Scattering Rate                      0.0769147 +/- 8.65256e-05
     Outgoing Energy [100, 1000)
       Legendre expansion, P0
         Total Material
           Scattering Rate                      0.778544 +/- 0.000133817
     Outgoing Energy [1000, 500000)
       Legendre expansion, P0
         Total Material
           Scattering Rate                      5.42145 +/- 0.000908409
     Outgoing Energy [500000, 1000000)
       Legendre expansion, P0
         Total Material
           Scattering Rate                      0 +/- 0
     Outgoing Energy [1000000, 20000000)
       Legendre expansion, P0
         Total Material
           Scattering Rate                      0 +/- 0
   Incoming Energy [500000, 1000000)
     Outgoing Energy [1e-05, 0.0635)
       Legendre expansion, P0
         Total Material
           Scattering Rate                      0 +/- 0
     Outgoing Energy [0.0635, 10)
       Legendre expansion, P0
         Total Material
           Scattering Rate                      8.09524e-06 +/- 8.96505e-07
     Outgoing Energy [10, 100)
       Legendre expansion, P0
         Total Material
           Scattering Rate                      7.58095e-05 +/- 2.57276e-06
     Outgoing Energy [100, 1000)
       Legendre expansion, P0
         Total Material
           Scattering Rate                      0.00081419 +/- 8.82075e-06
     Outgoing Energy [1000, 500000)
       Legendre expansion, P0
         Total Material
           Scattering Rate                      0.473263 +/- 0.000166675
     Outgoing Energy [500000, 1000000)
       Legendre expansion, P0
         Total Material
           Scattering Rate                      0.338587 +/- 0.000216828
     Outgoing Energy [1000000, 20000000)
       Legendre expansion, P0
         Total Material
           Scattering Rate                      0 +/- 0
   Incoming Energy [1000000, 20000000)
     Outgoing Energy [1e-05, 0.0635)
       Legendre expansion, P0
         Total Material
           Scattering Rate                      0 +/- 0
     Outgoing Energy [0.0635, 10)
       Legendre expansion, P0
         Total Material
           Scattering Rate                      4.28571e-06 +/- 6.26968e-07
     Outgoing Energy [10, 100)
       Legendre expansion, P0
         Total Material
           Scattering Rate                      3.52381e-05 +/- 1.80673e-06
     Outgoing Energy [100, 1000)
       Legendre expansion, P0
         Total Material
           Scattering Rate                      0.000362286 +/- 5.85288e-06
     Outgoing Energy [1000, 500000)
       Legendre expansion, P0
         Total Material
           Scattering Rate                      0.205424 +/- 0.000120443
     Outgoing Energy [500000, 1000000)
       Legendre expansion, P0
         Total Material
           Scattering Rate                      0.244274 +/- 0.000146601
     Outgoing Energy [1000000, 20000000)
       Legendre expansion, P0
         Total Material
           Scattering Rate                      0.553423 +/- 0.00030542
 Material 9
   Incoming Energy [1e-05, 0.0635)
     Outgoing Energy [1e-05, 0.0635)
       Legendre expansion, P0
         Total Material
           Scattering Rate                      0.000429048 +/- 6.70287e-06
     Outgoing Energy [0.0635, 10)
       Legendre expansion, P0
         Total Material
           Scattering Rate                      0.000111429 +/- 3.21011e-06
     Outgoing Energy [10, 100)
       Legendre expansion, P0
         Total Material
           Scattering Rate                      0 +/- 0
     Outgoing Energy [100, 1000)
       Legendre expansion, P0
         Total Material
           Scattering Rate                      0 +/- 0
     Outgoing Energy [1000, 500000)
       Legendre expansion, P0
         Total Material
           Scattering Rate                      0 +/- 0
     Outgoing Energy [500000, 1000000)
       Legendre expansion, P0
         Total Material
           Scattering Rate                      0 +/- 0
     Outgoing Energy [1000000, 20000000)
       Legendre expansion, P0
         Total Material
           Scattering Rate                      0 +/- 0
   Incoming Energy [0.0635, 10)
     Outgoing Energy [1e-05, 0.0635)
       Legendre expansion, P0
         Total Material
           Scattering Rate                      0.000148 +/- 3.88145e-06
     Outgoing Energy [0.0635, 10)
       Legendre expansion, P0
         Total Material
           Scattering Rate                      0.004116 +/- 2.39926e-05
     Outgoing Energy [10, 100)
       Legendre expansion, P0
         Total Material
           Scattering Rate                      9.52381e-08 +/- 9.52381e-08
     Outgoing Energy [100, 1000)
       Legendre expansion, P0
         Total Material
           Scattering Rate                      0 +/- 0
     Outgoing Energy [1000, 500000)
       Legendre expansion, P0
         Total Material
           Scattering Rate                      0 +/- 0
     Outgoing Energy [500000, 1000000)
       Legendre expansion, P0
         Total Material
           Scattering Rate                      0 +/- 0
     Outgoing Energy [1000000, 20000000)
       Legendre expansion, P0
         Total Material
           Scattering Rate                      0 +/- 0
   Incoming Energy [10, 100)
     Outgoing Energy [1e-05, 0.0635)
       Legendre expansion, P0
         Total Material
           Scattering Rate                      0 +/- 0
     Outgoing Energy [0.0635, 10)
       Legendre expansion, P0
         Total Material
           Scattering Rate                      8.97143e-05 +/- 2.93449e-06
     Outgoing Energy [10, 100)
       Legendre expansion, P0
         Total Material
           Scattering Rate                      0.00183743 +/- 1.58883e-05
     Outgoing Energy [100, 1000)
       Legendre expansion, P0
         Total Material
           Scattering Rate                      0 +/- 0
     Outgoing Energy [1000, 500000)
       Legendre expansion, P0
         Total Material
           Scattering Rate                      0 +/- 0
     Outgoing Energy [500000, 1000000)
       Legendre expansion, P0
         Total Material
           Scattering Rate                      0 +/- 0
     Outgoing Energy [1000000, 20000000)
       Legendre expansion, P0
         Total Material
           Scattering Rate                      0 +/- 0
   Incoming Energy [100, 1000)
     Outgoing Energy [1e-05, 0.0635)
       Legendre expansion, P0
         Total Material
           Scattering Rate                      0 +/- 0
     Outgoing Energy [0.0635, 10)
       Legendre expansion, P0
         Total Material
           Scattering Rate                      0 +/- 0
     Outgoing Energy [10, 100)
       Legendre expansion, P0
         Total Material
           Scattering Rate                      0.000108667 +/- 3.36029e-06
     Outgoing Energy [100, 1000)
       Legendre expansion, P0
         Total Material
           Scattering Rate                      0.00217257 +/- 1.61774e-05
     Outgoing Energy [1000, 500000)
       Legendre expansion, P0
         Total Material
           Scattering Rate                      0 +/- 0
     Outgoing Energy [500000, 1000000)
       Legendre expansion, P0
         Total Material
           Scattering Rate                      0 +/- 0
     Outgoing Energy [1000000, 20000000)
       Legendre expansion, P0
         Total Material
           Scattering Rate                      0 +/- 0
   Incoming Energy [1000, 500000)
     Outgoing Energy [1e-05, 0.0635)
       Legendre expansion, P0
         Total Material
           Scattering Rate                      0 +/- 0
     Outgoing Energy [0.0635, 10)
       Legendre expansion, P0
         Total Material
           Scattering Rate                      0 +/- 0
     Outgoing Energy [10, 100)
       Legendre expansion, P0
         Total Material
           Scattering Rate                      0 +/- 0
     Outgoing Energy [100, 1000)
       Legendre expansion, P0
         Total Material
           Scattering Rate                      0.000119238 +/- 3.13057e-06
     Outgoing Energy [1000, 500000)
       Legendre expansion, P0
         Total Material
           Scattering Rate                      0.0115917 +/- 4.43791e-05
     Outgoing Energy [500000, 1000000)
       Legendre expansion, P0
         Total Material
           Scattering Rate                      0 +/- 0
     Outgoing Energy [1000000, 20000000)
       Legendre expansion, P0
         Total Material
           Scattering Rate                      0 +/- 0
   Incoming Energy [500000, 1000000)
     Outgoing Energy [1e-05, 0.0635)
       Legendre expansion, P0
         Total Material
           Scattering Rate                      0 +/- 0
     Outgoing Energy [0.0635, 10)
       Legendre expansion, P0
         Total Material
           Scattering Rate                      0 +/- 0
     Outgoing Energy [10, 100)
       Legendre expansion, P0
         Total Material
           Scattering Rate                      0 +/- 0
     Outgoing Energy [100, 1000)
       Legendre expansion, P0
         Total Material
           Scattering Rate                      0 +/- 0
     Outgoing Energy [1000, 500000)
       Legendre expansion, P0
         Total Material
           Scattering Rate                      0.000386857 +/- 6.12894e-06
     Outgoing Energy [500000, 1000000)
       Legendre expansion, P0
         Total Material
           Scattering Rate                      0.00309571 +/- 2.04531e-05
     Outgoing Energy [1000000, 20000000)
       Legendre expansion, P0
         Total Material
           Scattering Rate                      0 +/- 0
   Incoming Energy [1000000, 20000000)
     Outgoing Energy [1e-05, 0.0635)
       Legendre expansion, P0
         Total Material
           Scattering Rate                      0 +/- 0
     Outgoing Energy [0.0635, 10)
       Legendre expansion, P0
         Total Material
           Scattering Rate                      0 +/- 0
     Outgoing Energy [10, 100)
       Legendre expansion, P0
         Total Material
           Scattering Rate                      0 +/- 0
     Outgoing Energy [100, 1000)
       Legendre expansion, P0
         Total Material
           Scattering Rate                      9.52381e-08 +/- 9.52381e-08
     Outgoing Energy [1000, 500000)
       Legendre expansion, P0
         Total Material
           Scattering Rate                      3.80952e-05 +/- 1.99799e-06
     Outgoing Energy [500000, 1000000)
       Legendre expansion, P0
         Total Material
           Scattering Rate                      0.000537143 +/- 7.15336e-06
     Outgoing Energy [1000000, 20000000)
       Legendre expansion, P0
         Total Material
           Scattering Rate                      0.00444648 +/- 2.31745e-05
 Material 10
   Incoming Energy [1e-05, 0.0635)
     Outgoing Energy [1e-05, 0.0635)
       Legendre expansion, P0
         Total Material
           Scattering Rate                      0.000421333 +/- 6.88326e-06
     Outgoing Energy [0.0635, 10)
       Legendre expansion, P0
         Total Material
           Scattering Rate                      0.000129429 +/- 3.73814e-06
     Outgoing Energy [10, 100)
       Legendre expansion, P0
         Total Material
           Scattering Rate                      0 +/- 0
     Outgoing Energy [100, 1000)
       Legendre expansion, P0
         Total Material
           Scattering Rate                      0 +/- 0
     Outgoing Energy [1000, 500000)
       Legendre expansion, P0
         Total Material
           Scattering Rate                      0 +/- 0
     Outgoing Energy [500000, 1000000)
       Legendre expansion, P0
         Total Material
           Scattering Rate                      0 +/- 0
     Outgoing Energy [1000000, 20000000)
       Legendre expansion, P0
         Total Material
           Scattering Rate                      0 +/- 0
   Incoming Energy [0.0635, 10)
     Outgoing Energy [1e-05, 0.0635)
       Legendre expansion, P0
         Total Material
           Scattering Rate                      0.000170095 +/- 4.19029e-06
     Outgoing Energy [0.0635, 10)
       Legendre expansion, P0
         Total Material
           Scattering Rate                      0.00592933 +/- 2.65451e-05
     Outgoing Energy [10, 100)
       Legendre expansion, P0
         Total Material
           Scattering Rate                      1.90476e-07 +/- 1.90476e-07
     Outgoing Energy [100, 1000)
       Legendre expansion, P0
         Total Material
           Scattering Rate                      0 +/- 0
     Outgoing Energy [1000, 500000)
       Legendre expansion, P0
         Total Material
           Scattering Rate                      0 +/- 0
     Outgoing Energy [500000, 1000000)
       Legendre expansion, P0
         Total Material
           Scattering Rate                      0 +/- 0
     Outgoing Energy [1000000, 20000000)
       Legendre expansion, P0
         Total Material
           Scattering Rate                      0 +/- 0
   Incoming Energy [10, 100)
     Outgoing Energy [1e-05, 0.0635)
       Legendre expansion, P0
         Total Material
           Scattering Rate                      0 +/- 0
     Outgoing Energy [0.0635, 10)
       Legendre expansion, P0
         Total Material
           Scattering Rate                      0.000156571 +/- 3.77169e-06
     Outgoing Energy [10, 100)
       Legendre expansion, P0
         Total Material
           Scattering Rate                      0.00314562 +/- 2.12588e-05
     Outgoing Energy [100, 1000)
       Legendre expansion, P0
         Total Material
           Scattering Rate                      0 +/- 0
     Outgoing Energy [1000, 500000)
       Legendre expansion, P0
         Total Material
           Scattering Rate                      0 +/- 0
     Outgoing Energy [500000, 1000000)
       Legendre expansion, P0
         Total Material
           Scattering Rate                      0 +/- 0
     Outgoing Energy [1000000, 20000000)
       Legendre expansion, P0
         Total Material
           Scattering Rate                      0 +/- 0
   Incoming Energy [100, 1000)
     Outgoing Energy [1e-05, 0.0635)
       Legendre expansion, P0
         Total Material
           Scattering Rate                      0 +/- 0
     Outgoing Energy [0.0635, 10)
       Legendre expansion, P0
         Total Material
           Scattering Rate                      0 +/- 0
     Outgoing Energy [10, 100)
       Legendre expansion, P0
         Total Material
           Scattering Rate                      0.000185429 +/- 4.08679e-06
     Outgoing Energy [100, 1000)
       Legendre expansion, P0
         Total Material
           Scattering Rate                      0.00378267 +/- 2.12065e-05
     Outgoing Energy [1000, 500000)
       Legendre expansion, P0
         Total Material
           Scattering Rate                      0 +/- 0
     Outgoing Energy [500000, 1000000)
       Legendre expansion, P0
         Total Material
           Scattering Rate                      0 +/- 0
     Outgoing Energy [1000000, 20000000)
       Legendre expansion, P0
         Total Material
           Scattering Rate                      0 +/- 0
   Incoming Energy [1000, 500000)
     Outgoing Energy [1e-05, 0.0635)
       Legendre expansion, P0
         Total Material
           Scattering Rate                      0 +/- 0
     Outgoing Energy [0.0635, 10)
       Legendre expansion, P0
         Total Material
           Scattering Rate                      0 +/- 0
     Outgoing Energy [10, 100)
       Legendre expansion, P0
         Total Material
           Scattering Rate                      0 +/- 0
     Outgoing Energy [100, 1000)
       Legendre expansion, P0
         Total Material
           Scattering Rate                      0.000215619 +/- 4.49896e-06
     Outgoing Energy [1000, 500000)
       Legendre expansion, P0
         Total Material
           Scattering Rate                      0.0200473 +/- 5.15203e-05
     Outgoing Energy [500000, 1000000)
       Legendre expansion, P0
         Total Material
           Scattering Rate                      0 +/- 0
     Outgoing Energy [1000000, 20000000)
       Legendre expansion, P0
         Total Material
           Scattering Rate                      0 +/- 0
   Incoming Energy [500000, 1000000)
     Outgoing Energy [1e-05, 0.0635)
       Legendre expansion, P0
         Total Material
           Scattering Rate                      0 +/- 0
     Outgoing Energy [0.0635, 10)
       Legendre expansion, P0
         Total Material
           Scattering Rate                      0 +/- 0
     Outgoing Energy [10, 100)
       Legendre expansion, P0
         Total Material
           Scattering Rate                      0 +/- 0
     Outgoing Energy [100, 1000)
       Legendre expansion, P0
         Total Material
           Scattering Rate                      0 +/- 0
     Outgoing Energy [1000, 500000)
       Legendre expansion, P0
         Total Material
           Scattering Rate                      0.000656667 +/- 7.55056e-06
     Outgoing Energy [500000, 1000000)
       Legendre expansion, P0
         Total Material
           Scattering Rate                      0.00512467 +/- 2.67136e-05
     Outgoing Energy [1000000, 20000000)
       Legendre expansion, P0
         Total Material
           Scattering Rate                      0 +/- 0
   Incoming Energy [1000000, 20000000)
     Outgoing Energy [1e-05, 0.0635)
       Legendre expansion, P0
         Total Material
           Scattering Rate                      0 +/- 0
     Outgoing Energy [0.0635, 10)
       Legendre expansion, P0
         Total Material
           Scattering Rate                      0 +/- 0
     Outgoing Energy [10, 100)
       Legendre expansion, P0
         Total Material
           Scattering Rate                      0 +/- 0
     Outgoing Energy [100, 1000)
       Legendre expansion, P0
         Total Material
           Scattering Rate                      0 +/- 0
     Outgoing Energy [1000, 500000)
       Legendre expansion, P0
         Total Material
           Scattering Rate                      6.05714e-05 +/- 2.3792e-06
     Outgoing Energy [500000, 1000000)
       Legendre expansion, P0
         Total Material
           Scattering Rate                      0.000895333 +/- 9.1092e-06
     Outgoing Energy [1000000, 20000000)
       Legendre expansion, P0
         Total Material
           Scattering Rate                      0.00749048 +/- 3.02058e-05
 Material 11
   Incoming Energy [1e-05, 0.0635)
     Outgoing Energy [1e-05, 0.0635)
       Legendre expansion, P0
         Total Material
           Scattering Rate                      0.000278762 +/- 5.70887e-06
     Outgoing Energy [0.0635, 10)
       Legendre expansion, P0
         Total Material
           Scattering Rate                      8.7619e-05 +/- 2.89868e-06
     Outgoing Energy [10, 100)
       Legendre expansion, P0
         Total Material
           Scattering Rate                      0 +/- 0
     Outgoing Energy [100, 1000)
       Legendre expansion, P0
         Total Material
           Scattering Rate                      0 +/- 0
     Outgoing Energy [1000, 500000)
       Legendre expansion, P0
         Total Material
           Scattering Rate                      0 +/- 0
     Outgoing Energy [500000, 1000000)
       Legendre expansion, P0
         Total Material
           Scattering Rate                      0 +/- 0
     Outgoing Energy [1000000, 20000000)
       Legendre expansion, P0
         Total Material
           Scattering Rate                      0 +/- 0
   Incoming Energy [0.0635, 10)
     Outgoing Energy [1e-05, 0.0635)
       Legendre expansion, P0
         Total Material
           Scattering Rate                      0.000127524 +/- 3.30162e-06
     Outgoing Energy [0.0635, 10)
       Legendre expansion, P0
         Total Material
           Scattering Rate                      0.00731543 +/- 2.91386e-05
     Outgoing Energy [10, 100)
       Legendre expansion, P0
         Total Material
           Scattering Rate                      2.85714e-07 +/- 1.64484e-07
     Outgoing Energy [100, 1000)
       Legendre expansion, P0
         Total Material
           Scattering Rate                      0 +/- 0
     Outgoing Energy [1000, 500000)
       Legendre expansion, P0
         Total Material
           Scattering Rate                      0 +/- 0
     Outgoing Energy [500000, 1000000)
       Legendre expansion, P0
         Total Material
           Scattering Rate                      0 +/- 0
     Outgoing Energy [1000000, 20000000)
       Legendre expansion, P0
         Total Material
           Scattering Rate                      0 +/- 0
   Incoming Energy [10, 100)
     Outgoing Energy [1e-05, 0.0635)
       Legendre expansion, P0
         Total Material
           Scattering Rate                      0 +/- 0
     Outgoing Energy [0.0635, 10)
       Legendre expansion, P0
         Total Material
           Scattering Rate                      0.000269048 +/- 4.95875e-06
     Outgoing Energy [10, 100)
       Legendre expansion, P0
         Total Material
           Scattering Rate                      0.00560524 +/- 2.58037e-05
     Outgoing Energy [100, 1000)
       Legendre expansion, P0
         Total Material
           Scattering Rate                      0 +/- 0
     Outgoing Energy [1000, 500000)
       Legendre expansion, P0
         Total Material
           Scattering Rate                      0 +/- 0
     Outgoing Energy [500000, 1000000)
       Legendre expansion, P0
         Total Material
           Scattering Rate                      0 +/- 0
     Outgoing Energy [1000000, 20000000)
       Legendre expansion, P0
         Total Material
           Scattering Rate                      0 +/- 0
   Incoming Energy [100, 1000)
     Outgoing Energy [1e-05, 0.0635)
       Legendre expansion, P0
         Total Material
           Scattering Rate                      0 +/- 0
     Outgoing Energy [0.0635, 10)
       Legendre expansion, P0
         Total Material
           Scattering Rate                      0 +/- 0
     Outgoing Energy [10, 100)
       Legendre expansion, P0
         Total Material
           Scattering Rate                      0.000364 +/- 6.17785e-06
     Outgoing Energy [100, 1000)
       Legendre expansion, P0
         Total Material
           Scattering Rate                      0.00708714 +/- 2.97839e-05
     Outgoing Energy [1000, 500000)
       Legendre expansion, P0
         Total Material
           Scattering Rate                      0 +/- 0
     Outgoing Energy [500000, 1000000)
       Legendre expansion, P0
         Total Material
           Scattering Rate                      0 +/- 0
     Outgoing Energy [1000000, 20000000)
       Legendre expansion, P0
         Total Material
           Scattering Rate                      0 +/- 0
   Incoming Energy [1000, 500000)
     Outgoing Energy [1e-05, 0.0635)
       Legendre expansion, P0
         Total Material
           Scattering Rate                      0 +/- 0
     Outgoing Energy [0.0635, 10)
       Legendre expansion, P0
         Total Material
           Scattering Rate                      0 +/- 0
     Outgoing Energy [10, 100)
       Legendre expansion, P0
         Total Material
           Scattering Rate                      0 +/- 0
     Outgoing Energy [100, 1000)
       Legendre expansion, P0
         Total Material
           Scattering Rate                      0.000427714 +/- 6.3887e-06
     Outgoing Energy [1000, 500000)
       Legendre expansion, P0
         Total Material
           Scattering Rate                      0.036147 +/- 7.9276e-05
     Outgoing Energy [500000, 1000000)
       Legendre expansion, P0
         Total Material
           Scattering Rate                      0 +/- 0
     Outgoing Energy [1000000, 20000000)
       Legendre expansion, P0
         Total Material
           Scattering Rate                      0 +/- 0
   Incoming Energy [500000, 1000000)
     Outgoing Energy [1e-05, 0.0635)
       Legendre expansion, P0
         Total Material
           Scattering Rate                      0 +/- 0
     Outgoing Energy [0.0635, 10)
       Legendre expansion, P0
         Total Material
           Scattering Rate                      0 +/- 0
     Outgoing Energy [10, 100)
       Legendre expansion, P0
         Total Material
           Scattering Rate                      0 +/- 0
     Outgoing Energy [100, 1000)
       Legendre expansion, P0
         Total Material
           Scattering Rate                      0 +/- 0
     Outgoing Energy [1000, 500000)
       Legendre expansion, P0
         Total Material
           Scattering Rate                      0.00121257 +/- 1.05974e-05
     Outgoing Energy [500000, 1000000)
       Legendre expansion, P0
         Total Material
           Scattering Rate                      0.00845333 +/- 2.99403e-05
     Outgoing Energy [1000000, 20000000)
       Legendre expansion, P0
         Total Material
           Scattering Rate                      0 +/- 0
   Incoming Energy [1000000, 20000000)
     Outgoing Energy [1e-05, 0.0635)
       Legendre expansion, P0
         Total Material
           Scattering Rate                      0 +/- 0
     Outgoing Energy [0.0635, 10)
       Legendre expansion, P0
         Total Material
           Scattering Rate                      0 +/- 0
     Outgoing Energy [10, 100)
       Legendre expansion, P0
         Total Material
           Scattering Rate                      0 +/- 0
     Outgoing Energy [100, 1000)
       Legendre expansion, P0
         Total Material
           Scattering Rate                      0 +/- 0
     Outgoing Energy [1000, 500000)
       Legendre expansion, P0
         Total Material
           Scattering Rate                      8.74286e-05 +/- 2.95848e-06
     Outgoing Energy [500000, 1000000)
       Legendre expansion, P0
         Total Material
           Scattering Rate                      0.00162657 +/- 1.34199e-05
     Outgoing Energy [1000000, 20000000)
       Legendre expansion, P0
         Total Material
           Scattering Rate                      0.0123286 +/- 3.9621e-05
 Material 12
   Incoming Energy [1e-05, 0.0635)
     Outgoing Energy [1e-05, 0.0635)
       Legendre expansion, P0
         Total Material
           Scattering Rate                      0.000150095 +/- 3.89695e-06
     Outgoing Energy [0.0635, 10)
       Legendre expansion, P0
         Total Material
           Scattering Rate                      5.14286e-05 +/- 2.17666e-06
     Outgoing Energy [10, 100)
       Legendre expansion, P0
         Total Material
           Scattering Rate                      0 +/- 0
     Outgoing Energy [100, 1000)
       Legendre expansion, P0
         Total Material
           Scattering Rate                      0 +/- 0
     Outgoing Energy [1000, 500000)
       Legendre expansion, P0
         Total Material
           Scattering Rate                      0 +/- 0
     Outgoing Energy [500000, 1000000)
       Legendre expansion, P0
         Total Material
           Scattering Rate                      0 +/- 0
     Outgoing Energy [1000000, 20000000)
       Legendre expansion, P0
         Total Material
           Scattering Rate                      0 +/- 0
   Incoming Energy [0.0635, 10)
     Outgoing Energy [1e-05, 0.0635)
       Legendre expansion, P0
         Total Material
           Scattering Rate                      7.8e-05 +/- 2.70188e-06
     Outgoing Energy [0.0635, 10)
       Legendre expansion, P0
         Total Material
           Scattering Rate                      0.00488838 +/- 2.37307e-05
     Outgoing Energy [10, 100)
       Legendre expansion, P0
         Total Material
           Scattering Rate                      2.85714e-07 +/- 1.64484e-07
     Outgoing Energy [100, 1000)
       Legendre expansion, P0
         Total Material
           Scattering Rate                      0 +/- 0
     Outgoing Energy [1000, 500000)
       Legendre expansion, P0
         Total Material
           Scattering Rate                      0 +/- 0
     Outgoing Energy [500000, 1000000)
       Legendre expansion, P0
         Total Material
           Scattering Rate                      0 +/- 0
     Outgoing Energy [1000000, 20000000)
       Legendre expansion, P0
         Total Material
           Scattering Rate                      0 +/- 0
   Incoming Energy [10, 100)
     Outgoing Energy [1e-05, 0.0635)
       Legendre expansion, P0
         Total Material
           Scattering Rate                      0 +/- 0
     Outgoing Energy [0.0635, 10)
       Legendre expansion, P0
         Total Material
           Scattering Rate                      0.000206762 +/- 4.46593e-06
     Outgoing Energy [10, 100)
       Legendre expansion, P0
         Total Material
           Scattering Rate                      0.00429514 +/- 2.32725e-05
     Outgoing Energy [100, 1000)
       Legendre expansion, P0
         Total Material
           Scattering Rate                      0 +/- 0
     Outgoing Energy [1000, 500000)
       Legendre expansion, P0
         Total Material
           Scattering Rate                      0 +/- 0
     Outgoing Energy [500000, 1000000)
       Legendre expansion, P0
         Total Material
           Scattering Rate                      0 +/- 0
     Outgoing Energy [1000000, 20000000)
       Legendre expansion, P0
         Total Material
           Scattering Rate                      0 +/- 0
   Incoming Energy [100, 1000)
     Outgoing Energy [1e-05, 0.0635)
       Legendre expansion, P0
         Total Material
           Scattering Rate                      0 +/- 0
     Outgoing Energy [0.0635, 10)
       Legendre expansion, P0
         Total Material
           Scattering Rate                      0 +/- 0
     Outgoing Energy [10, 100)
       Legendre expansion, P0
         Total Material
           Scattering Rate                      0.000294857 +/- 5.38817e-06
     Outgoing Energy [100, 1000)
       Legendre expansion, P0
         Total Material
           Scattering Rate                      0.00557933 +/- 2.74129e-05
     Outgoing Energy [1000, 500000)
       Legendre expansion, P0
         Total Material
           Scattering Rate                      0 +/- 0
     Outgoing Energy [500000, 1000000)
       Legendre expansion, P0
         Total Material
           Scattering Rate                      0 +/- 0
     Outgoing Energy [1000000, 20000000)
       Legendre expansion, P0
         Total Material
           Scattering Rate                      0 +/- 0
   Incoming Energy [1000, 500000)
     Outgoing Energy [1e-05, 0.0635)
       Legendre expansion, P0
         Total Material
           Scattering Rate                      0 +/- 0
     Outgoing Energy [0.0635, 10)
       Legendre expansion, P0
         Total Material
           Scattering Rate                      0 +/- 0
     Outgoing Energy [10, 100)
       Legendre expansion, P0
         Total Material
           Scattering Rate                      0 +/- 0
     Outgoing Energy [100, 1000)
       Legendre expansion, P0
         Total Material
           Scattering Rate                      0.000347905 +/- 5.5972e-06
     Outgoing Energy [1000, 500000)
       Legendre expansion, P0
         Total Material
           Scattering Rate                      0.0284448 +/- 6.86449e-05
     Outgoing Energy [500000, 1000000)
       Legendre expansion, P0
         Total Material
           Scattering Rate                      0 +/- 0
     Outgoing Energy [1000000, 20000000)
       Legendre expansion, P0
         Total Material
           Scattering Rate                      0 +/- 0
   Incoming Energy [500000, 1000000)
     Outgoing Energy [1e-05, 0.0635)
       Legendre expansion, P0
         Total Material
           Scattering Rate                      0 +/- 0
     Outgoing Energy [0.0635, 10)
       Legendre expansion, P0
         Total Material
           Scattering Rate                      0 +/- 0
     Outgoing Energy [10, 100)
       Legendre expansion, P0
         Total Material
           Scattering Rate                      0 +/- 0
     Outgoing Energy [100, 1000)
       Legendre expansion, P0
         Total Material
           Scattering Rate                      0 +/- 0
     Outgoing Energy [1000, 500000)
       Legendre expansion, P0
         Total Material
           Scattering Rate                      0.000954 +/- 9.31768e-06
     Outgoing Energy [500000, 1000000)
       Legendre expansion, P0
         Total Material
           Scattering Rate                      0.00640676 +/- 3.01429e-05
     Outgoing Energy [1000000, 20000000)
       Legendre expansion, P0
         Total Material
           Scattering Rate                      0 +/- 0
   Incoming Energy [1000000, 20000000)
     Outgoing Energy [1e-05, 0.0635)
       Legendre expansion, P0
         Total Material
           Scattering Rate                      0 +/- 0
     Outgoing Energy [0.0635, 10)
       Legendre expansion, P0
         Total Material
           Scattering Rate                      0 +/- 0
     Outgoing Energy [10, 100)
       Legendre expansion, P0
         Total Material
           Scattering Rate                      0 +/- 0
     Outgoing Energy [100, 1000)
       Legendre expansion, P0
         Total Material
           Scattering Rate                      9.52381e-08 +/- 9.52381e-08
     Outgoing Energy [1000, 500000)
       Legendre expansion, P0
         Total Material
           Scattering Rate                      5.4e-05 +/- 2.28194e-06
     Outgoing Energy [500000, 1000000)
       Legendre expansion, P0
         Total Material
           Scattering Rate                      0.00124562 +/- 1.00815e-05
     Outgoing Energy [1000000, 20000000)
       Legendre expansion, P0
         Total Material
           Scattering Rate                      0.00943286 +/- 3.50518e-05
 Material 13
   Incoming Energy [1e-05, 0.0635)
     Outgoing Energy [1e-05, 0.0635)
       Legendre expansion, P0
         Total Material
           Scattering Rate                      4.73333e-05 +/- 2.23929e-06
     Outgoing Energy [0.0635, 10)
       Legendre expansion, P0
         Total Material
           Scattering Rate                      1.5619e-05 +/- 1.26224e-06
     Outgoing Energy [10, 100)
       Legendre expansion, P0
         Total Material
           Scattering Rate                      0 +/- 0
     Outgoing Energy [100, 1000)
       Legendre expansion, P0
         Total Material
           Scattering Rate                      0 +/- 0
     Outgoing Energy [1000, 500000)
       Legendre expansion, P0
         Total Material
           Scattering Rate                      0 +/- 0
     Outgoing Energy [500000, 1000000)
       Legendre expansion, P0
         Total Material
           Scattering Rate                      0 +/- 0
     Outgoing Energy [1000000, 20000000)
       Legendre expansion, P0
         Total Material
           Scattering Rate                      0 +/- 0
   Incoming Energy [0.0635, 10)
     Outgoing Energy [1e-05, 0.0635)
       Legendre expansion, P0
         Total Material
           Scattering Rate                      2.28571e-05 +/- 1.49415e-06
     Outgoing Energy [0.0635, 10)
       Legendre expansion, P0
         Total Material
           Scattering Rate                      0.00150676 +/- 1.37632e-05
     Outgoing Energy [10, 100)
       Legendre expansion, P0
         Total Material
           Scattering Rate                      0 +/- 0
     Outgoing Energy [100, 1000)
       Legendre expansion, P0
         Total Material
           Scattering Rate                      0 +/- 0
     Outgoing Energy [1000, 500000)
       Legendre expansion, P0
         Total Material
           Scattering Rate                      0 +/- 0
     Outgoing Energy [500000, 1000000)
       Legendre expansion, P0
         Total Material
           Scattering Rate                      0 +/- 0
     Outgoing Energy [1000000, 20000000)
       Legendre expansion, P0
         Total Material
           Scattering Rate                      0 +/- 0
   Incoming Energy [10, 100)
     Outgoing Energy [1e-05, 0.0635)
       Legendre expansion, P0
         Total Material
           Scattering Rate                      0 +/- 0
     Outgoing Energy [0.0635, 10)
       Legendre expansion, P0
         Total Material
           Scattering Rate                      6.8e-05 +/- 2.43053e-06
     Outgoing Energy [10, 100)
       Legendre expansion, P0
         Total Material
           Scattering Rate                      0.001388 +/- 1.35494e-05
     Outgoing Energy [100, 1000)
       Legendre expansion, P0
         Total Material
           Scattering Rate                      0 +/- 0
     Outgoing Energy [1000, 500000)
       Legendre expansion, P0
         Total Material
           Scattering Rate                      0 +/- 0
     Outgoing Energy [500000, 1000000)
       Legendre expansion, P0
         Total Material
           Scattering Rate                      0 +/- 0
     Outgoing Energy [1000000, 20000000)
       Legendre expansion, P0
         Total Material
           Scattering Rate                      0 +/- 0
   Incoming Energy [100, 1000)
     Outgoing Energy [1e-05, 0.0635)
       Legendre expansion, P0
         Total Material
           Scattering Rate                      0 +/- 0
     Outgoing Energy [0.0635, 10)
       Legendre expansion, P0
         Total Material
           Scattering Rate                      0 +/- 0
     Outgoing Energy [10, 100)
       Legendre expansion, P0
         Total Material
           Scattering Rate                      9.74286e-05 +/- 3.08889e-06
     Outgoing Energy [100, 1000)
       Legendre expansion, P0
         Total Material
           Scattering Rate                      0.00181305 +/- 1.45612e-05
     Outgoing Energy [1000, 500000)
       Legendre expansion, P0
         Total Material
           Scattering Rate                      0 +/- 0
     Outgoing Energy [500000, 1000000)
       Legendre expansion, P0
         Total Material
           Scattering Rate                      0 +/- 0
     Outgoing Energy [1000000, 20000000)
       Legendre expansion, P0
         Total Material
           Scattering Rate                      0 +/- 0
   Incoming Energy [1000, 500000)
     Outgoing Energy [1e-05, 0.0635)
       Legendre expansion, P0
         Total Material
           Scattering Rate                      0 +/- 0
     Outgoing Energy [0.0635, 10)
       Legendre expansion, P0
         Total Material
           Scattering Rate                      0 +/- 0
     Outgoing Energy [10, 100)
       Legendre expansion, P0
         Total Material
           Scattering Rate                      0 +/- 0
     Outgoing Energy [100, 1000)
       Legendre expansion, P0
         Total Material
           Scattering Rate                      0.000126857 +/- 3.49491e-06
     Outgoing Energy [1000, 500000)
       Legendre expansion, P0
         Total Material
           Scattering Rate                      0.00932181 +/- 4.06321e-05
     Outgoing Energy [500000, 1000000)
       Legendre expansion, P0
         Total Material
           Scattering Rate                      0 +/- 0
     Outgoing Energy [1000000, 20000000)
       Legendre expansion, P0
         Total Material
           Scattering Rate                      0 +/- 0
   Incoming Energy [500000, 1000000)
     Outgoing Energy [1e-05, 0.0635)
       Legendre expansion, P0
         Total Material
           Scattering Rate                      0 +/- 0
     Outgoing Energy [0.0635, 10)
       Legendre expansion, P0
         Total Material
           Scattering Rate                      0 +/- 0
     Outgoing Energy [10, 100)
       Legendre expansion, P0
         Total Material
           Scattering Rate                      0 +/- 0
     Outgoing Energy [100, 1000)
       Legendre expansion, P0
         Total Material
           Scattering Rate                      0 +/- 0
     Outgoing Energy [1000, 500000)
       Legendre expansion, P0
         Total Material
           Scattering Rate                      0.000325238 +/- 5.87336e-06
     Outgoing Energy [500000, 1000000)
       Legendre expansion, P0
         Total Material
           Scattering Rate                      0.00206943 +/- 1.57066e-05
     Outgoing Energy [1000000, 20000000)
       Legendre expansion, P0
         Total Material
           Scattering Rate                      0 +/- 0
   Incoming Energy [1000000, 20000000)
     Outgoing Energy [1e-05, 0.0635)
       Legendre expansion, P0
         Total Material
           Scattering Rate                      0 +/- 0
     Outgoing Energy [0.0635, 10)
       Legendre expansion, P0
         Total Material
           Scattering Rate                      0 +/- 0
     Outgoing Energy [10, 100)
       Legendre expansion, P0
         Total Material
           Scattering Rate                      0 +/- 0
     Outgoing Energy [100, 1000)
       Legendre expansion, P0
         Total Material
           Scattering Rate                      0 +/- 0
     Outgoing Energy [1000, 500000)
       Legendre expansion, P0
         Total Material
           Scattering Rate                      1.86667e-05 +/- 1.42182e-06
     Outgoing Energy [500000, 1000000)
       Legendre expansion, P0
         Total Material
           Scattering Rate                      0.000416571 +/- 6.45277e-06
     Outgoing Energy [1000000, 20000000)
       Legendre expansion, P0
         Total Material
           Scattering Rate                      0.00307019 +/- 1.89838e-05
 Material 14
   Incoming Energy [1e-05, 0.0635)
     Outgoing Energy [1e-05, 0.0635)
       Legendre expansion, P0
         Total Material
           Scattering Rate                      0.0402318 +/- 0.000177957
     Outgoing Energy [0.0635, 10)
       Legendre expansion, P0
         Total Material
           Scattering Rate                      0.00373552 +/- 2.24046e-05
     Outgoing Energy [10, 100)
       Legendre expansion, P0
         Total Material
           Scattering Rate                      0 +/- 0
     Outgoing Energy [100, 1000)
       Legendre expansion, P0
         Total Material
           Scattering Rate                      0 +/- 0
     Outgoing Energy [1000, 500000)
       Legendre expansion, P0
         Total Material
           Scattering Rate                      0 +/- 0
     Outgoing Energy [500000, 1000000)
       Legendre expansion, P0
         Total Material
           Scattering Rate                      0 +/- 0
     Outgoing Energy [1000000, 20000000)
       Legendre expansion, P0
         Total Material
           Scattering Rate                      0 +/- 0
   Incoming Energy [0.0635, 10)
     Outgoing Energy [1e-05, 0.0635)
       Legendre expansion, P0
         Total Material
           Scattering Rate                      0.00545029 +/- 2.59995e-05
     Outgoing Energy [0.0635, 10)
       Legendre expansion, P0
         Total Material
           Scattering Rate                      0.210574 +/- 0.000632949
     Outgoing Energy [10, 100)
       Legendre expansion, P0
         Total Material
           Scattering Rate                      3.2381e-06 +/- 5.28422e-07
     Outgoing Energy [100, 1000)
       Legendre expansion, P0
         Total Material
           Scattering Rate                      0 +/- 0
     Outgoing Energy [1000, 500000)
       Legendre expansion, P0
         Total Material
           Scattering Rate                      0 +/- 0
     Outgoing Energy [500000, 1000000)
       Legendre expansion, P0
         Total Material
           Scattering Rate                      0 +/- 0
     Outgoing Energy [1000000, 20000000)
       Legendre expansion, P0
         Total Material
           Scattering Rate                      0 +/- 0
   Incoming Energy [10, 100)
     Outgoing Energy [1e-05, 0.0635)
       Legendre expansion, P0
         Total Material
           Scattering Rate                      0 +/- 0
     Outgoing Energy [0.0635, 10)
       Legendre expansion, P0
         Total Material
           Scattering Rate                      0.00102476 +/- 9.90832e-06
     Outgoing Energy [10, 100)
       Legendre expansion, P0
         Total Material
           Scattering Rate                      0.0681804 +/- 0.000381502
     Outgoing Energy [100, 1000)
       Legendre expansion, P0
         Total Material
           Scattering Rate                      0 +/- 0
     Outgoing Energy [1000, 500000)
       Legendre expansion, P0
         Total Material
           Scattering Rate                      0 +/- 0
     Outgoing Energy [500000, 1000000)
       Legendre expansion, P0
         Total Material
           Scattering Rate                      0 +/- 0
     Outgoing Energy [1000000, 20000000)
       Legendre expansion, P0
         Total Material
           Scattering Rate                      0 +/- 0
   Incoming Energy [100, 1000)
     Outgoing Energy [1e-05, 0.0635)
       Legendre expansion, P0
         Total Material
           Scattering Rate                      0 +/- 0
     Outgoing Energy [0.0635, 10)
       Legendre expansion, P0
         Total Material
           Scattering Rate                      0 +/- 0
     Outgoing Energy [10, 100)
       Legendre expansion, P0
         Total Material
           Scattering Rate                      0.0011461 +/- 1.06669e-05
     Outgoing Energy [100, 1000)
       Legendre expansion, P0
         Total Material
           Scattering Rate                      0.0702089 +/- 0.000416787
     Outgoing Energy [1000, 500000)
       Legendre expansion, P0
         Total Material
           Scattering Rate                      0 +/- 0
     Outgoing Energy [500000, 1000000)
       Legendre expansion, P0
         Total Material
           Scattering Rate                      0 +/- 0
     Outgoing Energy [1000000, 20000000)
       Legendre expansion, P0
         Total Material
           Scattering Rate                      0 +/- 0
   Incoming Energy [1000, 500000)
     Outgoing Energy [1e-05, 0.0635)
       Legendre expansion, P0
         Total Material
           Scattering Rate                      0 +/- 0
     Outgoing Energy [0.0635, 10)
       Legendre expansion, P0
         Total Material
           Scattering Rate                      0 +/- 0
     Outgoing Energy [10, 100)
       Legendre expansion, P0
         Total Material
           Scattering Rate                      0 +/- 0
     Outgoing Energy [100, 1000)
       Legendre expansion, P0
         Total Material
           Scattering Rate                      0.00098581 +/- 9.46832e-06
     Outgoing Energy [1000, 500000)
       Legendre expansion, P0
         Total Material
           Scattering Rate                      0.149112 +/- 0.000519956
     Outgoing Energy [500000, 1000000)
       Legendre expansion, P0
         Total Material
           Scattering Rate                      0 +/- 0
     Outgoing Energy [1000000, 20000000)
       Legendre expansion, P0
         Total Material
           Scattering Rate                      0 +/- 0
   Incoming Energy [500000, 1000000)
     Outgoing Energy [1e-05, 0.0635)
       Legendre expansion, P0
         Total Material
           Scattering Rate                      0 +/- 0
     Outgoing Energy [0.0635, 10)
       Legendre expansion, P0
         Total Material
           Scattering Rate                      0 +/- 0
     Outgoing Energy [10, 100)
       Legendre expansion, P0
         Total Material
           Scattering Rate                      0 +/- 0
     Outgoing Energy [100, 1000)
       Legendre expansion, P0
         Total Material
           Scattering Rate                      3.80952e-07 +/- 1.89656e-07
     Outgoing Energy [1000, 500000)
       Legendre expansion, P0
         Total Material
           Scattering Rate                      0.00174295 +/- 1.25532e-05
     Outgoing Energy [500000, 1000000)
       Legendre expansion, P0
         Total Material
           Scattering Rate                      0.0226193 +/- 0.000105241
     Outgoing Energy [1000000, 20000000)
       Legendre expansion, P0
         Total Material
           Scattering Rate                      0 +/- 0
   Incoming Energy [1000000, 20000000)
     Outgoing Energy [1e-05, 0.0635)
       Legendre expansion, P0
         Total Material
           Scattering Rate                      0 +/- 0
     Outgoing Energy [0.0635, 10)
       Legendre expansion, P0
         Total Material
           Scattering Rate                      0 +/- 0
     Outgoing Energy [10, 100)
       Legendre expansion, P0
         Total Material
           Scattering Rate                      0 +/- 0
     Outgoing Energy [100, 1000)
       Legendre expansion, P0
         Total Material
           Scattering Rate                      1.90476e-07 +/- 1.34494e-07
     Outgoing Energy [1000, 500000)
       Legendre expansion, P0
         Total Material
           Scattering Rate                      0.0021379 +/- 1.38485e-05
     Outgoing Energy [500000, 1000000)
       Legendre expansion, P0
         Total Material
           Scattering Rate                      0.00370676 +/- 1.97742e-05
     Outgoing Energy [1000000, 20000000)
       Legendre expansion, P0
         Total Material
           Scattering Rate                      0.0348471 +/- 0.000131293
 Material 15
   Incoming Energy [1e-05, 0.0635)
     Outgoing Energy [1e-05, 0.0635)
       Legendre expansion, P0
         Total Material
           Scattering Rate                      0.00130857 +/- 2.78031e-05
     Outgoing Energy [0.0635, 10)
       Legendre expansion, P0
         Total Material
           Scattering Rate                      0.000151429 +/- 4.49461e-06
     Outgoing Energy [10, 100)
       Legendre expansion, P0
         Total Material
           Scattering Rate                      0 +/- 0
     Outgoing Energy [100, 1000)
       Legendre expansion, P0
         Total Material
           Scattering Rate                      0 +/- 0
     Outgoing Energy [1000, 500000)
       Legendre expansion, P0
         Total Material
           Scattering Rate                      0 +/- 0
     Outgoing Energy [500000, 1000000)
       Legendre expansion, P0
         Total Material
           Scattering Rate                      0 +/- 0
     Outgoing Energy [1000000, 20000000)
       Legendre expansion, P0
         Total Material
           Scattering Rate                      0 +/- 0
   Incoming Energy [0.0635, 10)
     Outgoing Energy [1e-05, 0.0635)
       Legendre expansion, P0
         Total Material
           Scattering Rate                      0.000253048 +/- 5.43096e-06
     Outgoing Energy [0.0635, 10)
       Legendre expansion, P0
         Total Material
           Scattering Rate                      0.0545194 +/- 0.000455048
     Outgoing Energy [10, 100)
       Legendre expansion, P0
         Total Material
           Scattering Rate                      1.61905e-06 +/- 3.8357e-07
     Outgoing Energy [100, 1000)
       Legendre expansion, P0
         Total Material
           Scattering Rate                      0 +/- 0
     Outgoing Energy [1000, 500000)
       Legendre expansion, P0
         Total Material
           Scattering Rate                      0 +/- 0
     Outgoing Energy [500000, 1000000)
       Legendre expansion, P0
         Total Material
           Scattering Rate                      0 +/- 0
     Outgoing Energy [1000000, 20000000)
       Legendre expansion, P0
         Total Material
           Scattering Rate                      0 +/- 0
   Incoming Energy [10, 100)
     Outgoing Energy [1e-05, 0.0635)
       Legendre expansion, P0
         Total Material
           Scattering Rate                      0 +/- 0
     Outgoing Energy [0.0635, 10)
       Legendre expansion, P0
         Total Material
           Scattering Rate                      0.000863238 +/- 9.47827e-06
     Outgoing Energy [10, 100)
       Legendre expansion, P0
         Total Material
           Scattering Rate                      0.0680671 +/- 0.000550408
     Outgoing Energy [100, 1000)
       Legendre expansion, P0
         Total Material
           Scattering Rate                      0 +/- 0
     Outgoing Energy [1000, 500000)
       Legendre expansion, P0
         Total Material
           Scattering Rate                      0 +/- 0
     Outgoing Energy [500000, 1000000)
       Legendre expansion, P0
         Total Material
           Scattering Rate                      0 +/- 0
     Outgoing Energy [1000000, 20000000)
       Legendre expansion, P0
         Total Material
           Scattering Rate                      0 +/- 0
   Incoming Energy [100, 1000)
     Outgoing Energy [1e-05, 0.0635)
       Legendre expansion, P0
         Total Material
           Scattering Rate                      0 +/- 0
     Outgoing Energy [0.0635, 10)
       Legendre expansion, P0
         Total Material
           Scattering Rate                      0 +/- 0
     Outgoing Energy [10, 100)
       Legendre expansion, P0
         Total Material
           Scattering Rate                      0.00134914 +/- 1.18668e-05
     Outgoing Energy [100, 1000)
       Legendre expansion, P0
         Total Material
           Scattering Rate                      0.095571 +/- 0.000697576
     Outgoing Energy [1000, 500000)
       Legendre expansion, P0
         Total Material
           Scattering Rate                      0 +/- 0
     Outgoing Energy [500000, 1000000)
       Legendre expansion, P0
         Total Material
           Scattering Rate                      0 +/- 0
     Outgoing Energy [1000000, 20000000)
       Legendre expansion, P0
         Total Material
           Scattering Rate                      0 +/- 0
   Incoming Energy [1000, 500000)
     Outgoing Energy [1e-05, 0.0635)
       Legendre expansion, P0
         Total Material
           Scattering Rate                      0 +/- 0
     Outgoing Energy [0.0635, 10)
       Legendre expansion, P0
         Total Material
           Scattering Rate                      0 +/- 0
     Outgoing Energy [10, 100)
       Legendre expansion, P0
         Total Material
           Scattering Rate                      0 +/- 0
     Outgoing Energy [100, 1000)
       Legendre expansion, P0
         Total Material
           Scattering Rate                      0.00167924 +/- 1.30228e-05
     Outgoing Energy [1000, 500000)
       Legendre expansion, P0
         Total Material
           Scattering Rate                      0.409026 +/- 0.00169856
     Outgoing Energy [500000, 1000000)
       Legendre expansion, P0
         Total Material
           Scattering Rate                      0 +/- 0
     Outgoing Energy [1000000, 20000000)
       Legendre expansion, P0
         Total Material
           Scattering Rate                      0 +/- 0
   Incoming Energy [500000, 1000000)
     Outgoing Energy [1e-05, 0.0635)
       Legendre expansion, P0
         Total Material
           Scattering Rate                      0 +/- 0
     Outgoing Energy [0.0635, 10)
       Legendre expansion, P0
         Total Material
           Scattering Rate                      0 +/- 0
     Outgoing Energy [10, 100)
       Legendre expansion, P0
         Total Material
           Scattering Rate                      0 +/- 0
     Outgoing Energy [100, 1000)
       Legendre expansion, P0
         Total Material
           Scattering Rate                      2.85714e-07 +/- 1.64484e-07
     Outgoing Energy [1000, 500000)
       Legendre expansion, P0
         Total Material
           Scattering Rate                      0.00388714 +/- 1.98473e-05
     Outgoing Energy [500000, 1000000)
       Legendre expansion, P0
         Total Material
           Scattering Rate                      0.0514665 +/- 0.000246532
     Outgoing Energy [1000000, 20000000)
       Legendre expansion, P0
         Total Material
           Scattering Rate                      0 +/- 0
   Incoming Energy [1000000, 20000000)
     Outgoing Energy [1e-05, 0.0635)
       Legendre expansion, P0
         Total Material
           Scattering Rate                      0 +/- 0
     Outgoing Energy [0.0635, 10)
       Legendre expansion, P0
         Total Material
           Scattering Rate                      0 +/- 0
     Outgoing Energy [10, 100)
       Legendre expansion, P0
         Total Material
           Scattering Rate                      0 +/- 0
     Outgoing Energy [100, 1000)
       Legendre expansion, P0
         Total Material
           Scattering Rate                      1.90476e-07 +/- 1.34494e-07
     Outgoing Energy [1000, 500000)
       Legendre expansion, P0
         Total Material
           Scattering Rate                      0.0023901 +/- 1.60067e-05
     Outgoing Energy [500000, 1000000)
       Legendre expansion, P0
         Total Material
           Scattering Rate                      0.00373029 +/- 2.19027e-05
     Outgoing Energy [1000000, 20000000)
       Legendre expansion, P0
         Total Material
           Scattering Rate                      0.0327136 +/- 0.0001514
 ===========================>     TALLY 214     <===========================

 Material 1
   Incoming Energy [1e-05, 20000000)
     Total Material
       Nu-Fission Rate                      1.03299 +/- 0.000355994
 Material 2
   Incoming Energy [1e-05, 20000000)
     Total Material
       Nu-Fission Rate                      0 +/- 0
 Material 3
   Incoming Energy [1e-05, 20000000)
     Total Material
       Nu-Fission Rate                      0 +/- 0
 Material 4
   Incoming Energy [1e-05, 20000000)
     Total Material
       Nu-Fission Rate                      0 +/- 0
 Material 9
   Incoming Energy [1e-05, 20000000)
     Total Material
       Nu-Fission Rate                      0 +/- 0
 Material 10
   Incoming Energy [1e-05, 20000000)
     Total Material
       Nu-Fission Rate                      0 +/- 0
 Material 11
   Incoming Energy [1e-05, 20000000)
     Total Material
       Nu-Fission Rate                      0 +/- 0
 Material 12
   Incoming Energy [1e-05, 20000000)
     Total Material
       Nu-Fission Rate                      0 +/- 0
 Material 13
   Incoming Energy [1e-05, 20000000)
     Total Material
       Nu-Fission Rate                      0 +/- 0
 Material 14
   Incoming Energy [1e-05, 20000000)
     Total Material
       Nu-Fission Rate                      0 +/- 0
 Material 15
   Incoming Energy [1e-05, 20000000)
     Total Material
       Nu-Fission Rate                      0 +/- 0
 ===========================>     TALLY 215     <===========================

 Material 1
   Outgoing Energy [1e-05, 0.0635)
     Total Material
       Nu-Fission Rate                      0 +/- 0
   Outgoing Energy [0.0635, 10)
     Total Material
       Nu-Fission Rate                      9.84514e-08 +/- 9.84514e-08
   Outgoing Energy [10, 100)
     Total Material
       Nu-Fission Rate                      4.92434e-07 +/- 2.18958e-07
   Outgoing Energy [100, 1000)
     Total Material
       Nu-Fission Rate                      1.37911e-05 +/- 1.15885e-06
   Outgoing Energy [1000, 500000)
     Total Material
       Nu-Fission Rate                      0.131113 +/- 0.000121475
   Outgoing Energy [500000, 1000000)
     Total Material
       Nu-Fission Rate                      0.179735 +/- 0.000138438
   Outgoing Energy [1000000, 20000000)
     Total Material
       Nu-Fission Rate                      0.722131 +/- 0.000295446
 Material 2
   Outgoing Energy [1e-05, 0.0635)
     Total Material
       Nu-Fission Rate                      0 +/- 0
   Outgoing Energy [0.0635, 10)
     Total Material
       Nu-Fission Rate                      0 +/- 0
   Outgoing Energy [10, 100)
     Total Material
       Nu-Fission Rate                      0 +/- 0
   Outgoing Energy [100, 1000)
     Total Material
       Nu-Fission Rate                      0 +/- 0
   Outgoing Energy [1000, 500000)
     Total Material
       Nu-Fission Rate                      0 +/- 0
   Outgoing Energy [500000, 1000000)
     Total Material
       Nu-Fission Rate                      0 +/- 0
   Outgoing Energy [1000000, 20000000)
     Total Material
       Nu-Fission Rate                      0 +/- 0
 Material 3
   Outgoing Energy [1e-05, 0.0635)
     Total Material
       Nu-Fission Rate                      0 +/- 0
   Outgoing Energy [0.0635, 10)
     Total Material
       Nu-Fission Rate                      0 +/- 0
   Outgoing Energy [10, 100)
     Total Material
       Nu-Fission Rate                      0 +/- 0
   Outgoing Energy [100, 1000)
     Total Material
       Nu-Fission Rate                      0 +/- 0
   Outgoing Energy [1000, 500000)
     Total Material
       Nu-Fission Rate                      0 +/- 0
   Outgoing Energy [500000, 1000000)
     Total Material
       Nu-Fission Rate                      0 +/- 0
   Outgoing Energy [1000000, 20000000)
     Total Material
       Nu-Fission Rate                      0 +/- 0
 Material 4
   Outgoing Energy [1e-05, 0.0635)
     Total Material
       Nu-Fission Rate                      0 +/- 0
   Outgoing Energy [0.0635, 10)
     Total Material
       Nu-Fission Rate                      0 +/- 0
   Outgoing Energy [10, 100)
     Total Material
       Nu-Fission Rate                      0 +/- 0
   Outgoing Energy [100, 1000)
     Total Material
       Nu-Fission Rate                      0 +/- 0
   Outgoing Energy [1000, 500000)
     Total Material
       Nu-Fission Rate                      0 +/- 0
   Outgoing Energy [500000, 1000000)
     Total Material
       Nu-Fission Rate                      0 +/- 0
   Outgoing Energy [1000000, 20000000)
     Total Material
       Nu-Fission Rate                      0 +/- 0
 Material 9
   Outgoing Energy [1e-05, 0.0635)
     Total Material
       Nu-Fission Rate                      0 +/- 0
   Outgoing Energy [0.0635, 10)
     Total Material
       Nu-Fission Rate                      0 +/- 0
   Outgoing Energy [10, 100)
     Total Material
       Nu-Fission Rate                      0 +/- 0
   Outgoing Energy [100, 1000)
     Total Material
       Nu-Fission Rate                      0 +/- 0
   Outgoing Energy [1000, 500000)
     Total Material
       Nu-Fission Rate                      0 +/- 0
   Outgoing Energy [500000, 1000000)
     Total Material
       Nu-Fission Rate                      0 +/- 0
   Outgoing Energy [1000000, 20000000)
     Total Material
       Nu-Fission Rate                      0 +/- 0
 Material 10
   Outgoing Energy [1e-05, 0.0635)
     Total Material
       Nu-Fission Rate                      0 +/- 0
   Outgoing Energy [0.0635, 10)
     Total Material
       Nu-Fission Rate                      0 +/- 0
   Outgoing Energy [10, 100)
     Total Material
       Nu-Fission Rate                      0 +/- 0
   Outgoing Energy [100, 1000)
     Total Material
       Nu-Fission Rate                      0 +/- 0
   Outgoing Energy [1000, 500000)
     Total Material
       Nu-Fission Rate                      0 +/- 0
   Outgoing Energy [500000, 1000000)
     Total Material
       Nu-Fission Rate                      0 +/- 0
   Outgoing Energy [1000000, 20000000)
     Total Material
       Nu-Fission Rate                      0 +/- 0
 Material 11
   Outgoing Energy [1e-05, 0.0635)
     Total Material
       Nu-Fission Rate                      0 +/- 0
   Outgoing Energy [0.0635, 10)
     Total Material
       Nu-Fission Rate                      0 +/- 0
   Outgoing Energy [10, 100)
     Total Material
       Nu-Fission Rate                      0 +/- 0
   Outgoing Energy [100, 1000)
     Total Material
       Nu-Fission Rate                      0 +/- 0
   Outgoing Energy [1000, 500000)
     Total Material
       Nu-Fission Rate                      0 +/- 0
   Outgoing Energy [500000, 1000000)
     Total Material
       Nu-Fission Rate                      0 +/- 0
   Outgoing Energy [1000000, 20000000)
     Total Material
       Nu-Fission Rate                      0 +/- 0
 Material 12
   Outgoing Energy [1e-05, 0.0635)
     Total Material
       Nu-Fission Rate                      0 +/- 0
   Outgoing Energy [0.0635, 10)
     Total Material
       Nu-Fission Rate                      0 +/- 0
   Outgoing Energy [10, 100)
     Total Material
       Nu-Fission Rate                      0 +/- 0
   Outgoing Energy [100, 1000)
     Total Material
       Nu-Fission Rate                      0 +/- 0
   Outgoing Energy [1000, 500000)
     Total Material
       Nu-Fission Rate                      0 +/- 0
   Outgoing Energy [500000, 1000000)
     Total Material
       Nu-Fission Rate                      0 +/- 0
   Outgoing Energy [1000000, 20000000)
     Total Material
       Nu-Fission Rate                      0 +/- 0
 Material 13
   Outgoing Energy [1e-05, 0.0635)
     Total Material
       Nu-Fission Rate                      0 +/- 0
   Outgoing Energy [0.0635, 10)
     Total Material
       Nu-Fission Rate                      0 +/- 0
   Outgoing Energy [10, 100)
     Total Material
       Nu-Fission Rate                      0 +/- 0
   Outgoing Energy [100, 1000)
     Total Material
       Nu-Fission Rate                      0 +/- 0
   Outgoing Energy [1000, 500000)
     Total Material
       Nu-Fission Rate                      0 +/- 0
   Outgoing Energy [500000, 1000000)
     Total Material
       Nu-Fission Rate                      0 +/- 0
   Outgoing Energy [1000000, 20000000)
     Total Material
       Nu-Fission Rate                      0 +/- 0
 Material 14
   Outgoing Energy [1e-05, 0.0635)
     Total Material
       Nu-Fission Rate                      0 +/- 0
   Outgoing Energy [0.0635, 10)
     Total Material
       Nu-Fission Rate                      0 +/- 0
   Outgoing Energy [10, 100)
     Total Material
       Nu-Fission Rate                      0 +/- 0
   Outgoing Energy [100, 1000)
     Total Material
       Nu-Fission Rate                      0 +/- 0
   Outgoing Energy [1000, 500000)
     Total Material
       Nu-Fission Rate                      0 +/- 0
   Outgoing Energy [500000, 1000000)
     Total Material
       Nu-Fission Rate                      0 +/- 0
   Outgoing Energy [1000000, 20000000)
     Total Material
       Nu-Fission Rate                      0 +/- 0
 Material 15
   Outgoing Energy [1e-05, 0.0635)
     Total Material
       Nu-Fission Rate                      0 +/- 0
   Outgoing Energy [0.0635, 10)
     Total Material
       Nu-Fission Rate                      0 +/- 0
   Outgoing Energy [10, 100)
     Total Material
       Nu-Fission Rate                      0 +/- 0
   Outgoing Energy [100, 1000)
     Total Material
       Nu-Fission Rate                      0 +/- 0
   Outgoing Energy [1000, 500000)
     Total Material
       Nu-Fission Rate                      0 +/- 0
   Outgoing Energy [500000, 1000000)
     Total Material
       Nu-Fission Rate                      0 +/- 0
   Outgoing Energy [1000000, 20000000)
     Total Material
       Nu-Fission Rate                      0 +/- 0
